"Var1","Freq","group","x","label","rank","label1","Country","Year","Survey"
"0",11.1632140507742,10,1,"",0,"0","Benin",2011,"BJIR61FL"
"1:A",0.609580682388486,10,1,"A",10," ","Benin",2011,"BJIR61FL"
"1:E",3.74651230038276,10,1,"E",24,"1:E","Benin",2011,"BJIR61FL"
"1:G",8.33943686815284,10,1,"G",28,"1:G","Benin",2011,"BJIR61FL"
"1:P",6.05089582345756,10,1,"P",26,"1:P","Benin",2011,"BJIR61FL"
"1:W",1.88705457773518,10,1,"W",16," ","Benin",2011,"BJIR61FL"
"2:AE",0.363504414023442,10,1,"AE",9," ","Benin",2011,"BJIR61FL"
"2:AG",0.340587744464658,10,1,"AG",8," ","Benin",2011,"BJIR61FL"
"2:AP",1.63852491460018,10,1,"AP",14," ","Benin",2011,"BJIR61FL"
"2:AW",0.00506587141148679,10,1,"AW",1," ","Benin",2011,"BJIR61FL"
"2:EG",3.41027350462716,10,1,"EG",23,"2:EG","Benin",2011,"BJIR61FL"
"2:EP",8.95361489975514,10,1,"EP",31,"2:EP","Benin",2011,"BJIR61FL"
"2:EW",2.94111257570475,10,1,"EW",21,"2:EW","Benin",2011,"BJIR61FL"
"2:GP",5.137417124709,10,1,"GP",25,"2:GP","Benin",2011,"BJIR61FL"
"2:GW",1.82896969340801,10,1,"GW",15," ","Benin",2011,"BJIR61FL"
"2:PW",0.734684639802545,10,1,"PW",11," ","Benin",2011,"BJIR61FL"
"3:AEG",0.244111421095386,10,1,"AEG",7," ","Benin",2011,"BJIR61FL"
"3:AEP",2.81355213297313,10,1,"AEP",19,"3:AEP","Benin",2011,"BJIR61FL"
"3:AEW",0.159318427985981,10,1,"AEW",3," ","Benin",2011,"BJIR61FL"
"3:AGP",1.4583704544323,10,1,"AGP",13," ","Benin",2011,"BJIR61FL"
"3:AGW",0.0276205613348401,10,1,"AGW",2," ","Benin",2011,"BJIR61FL"
"3:APW",0.165908198419543,10,1,"APW",4," ","Benin",2011,"BJIR61FL"
"3:EGP",8.21155560489154,10,1,"EGP",27,"3:EGP","Benin",2011,"BJIR61FL"
"3:EGW",3.07378230812585,10,1,"EGW",22,"3:EGW","Benin",2011,"BJIR61FL"
"3:EPW",8.76629671289428,10,1,"EPW",30,"3:EPW","Benin",2011,"BJIR61FL"
"3:GPW",0.875847588637946,10,1,"GPW",12," ","Benin",2011,"BJIR61FL"
"4:AEGP",2.50409479379142,10,1,"AEGP",17,"4:AEGP","Benin",2011,"BJIR61FL"
"4:AEGW",0.187542766653641,10,1,"AEGW",5," ","Benin",2011,"BJIR61FL"
"4:AEPW",2.86027829695498,10,1,"AEPW",20,"4:AEPW","Benin",2011,"BJIR61FL"
"4:AGPW",0.221558032455235,10,1,"AGPW",6," ","Benin",2011,"BJIR61FL"
"4:EGPW",8.65745172280268,10,1,"EGPW",29,"4:EGPW","Benin",2011,"BJIR61FL"
"5:AEGPW",2.62226129115388,10,1,"AEGPW",18,"5:AEGPW","Benin",2011,"BJIR61FL"
"0",18.0604547339442,20,1,"",0,"0","Benin",2011,"BJIR61FL"
"1:A",1.40926668337814,20,1,"A",18," ","Benin",2011,"BJIR61FL"
"1:E",15.9271828070568,20,1,"E",31,"1:E","Benin",2011,"BJIR61FL"
"1:G",8.59532949889791,20,1,"G",29,"1:G","Benin",2011,"BJIR61FL"
"1:P",4.88460682420864,20,1,"P",26,"1:P","Benin",2011,"BJIR61FL"
"1:W",1.03828336705039,20,1,"W",13," ","Benin",2011,"BJIR61FL"
"2:AE",2.9242915865767,20,1,"AE",22,"2:AE","Benin",2011,"BJIR61FL"
"2:AG",0.850626629676214,20,1,"AG",11," ","Benin",2011,"BJIR61FL"
"2:AP",1.37162907890043,20,1,"AP",17," ","Benin",2011,"BJIR61FL"
"2:AW",0.0772084940829484,20,1,"AW",4," ","Benin",2011,"BJIR61FL"
"2:EG",6.71553515969326,20,1,"EG",28,"2:EG","Benin",2011,"BJIR61FL"
"2:EP",9.35523151913337,20,1,"EP",30,"2:EP","Benin",2011,"BJIR61FL"
"2:EW",5.76062933904604,20,1,"EW",27,"2:EW","Benin",2011,"BJIR61FL"
"2:GP",2.57769422108203,20,1,"GP",21,"2:GP","Benin",2011,"BJIR61FL"
"2:GW",0.510384520488978,20,1,"GW",9," ","Benin",2011,"BJIR61FL"
"2:PW",0.23496575574179,20,1,"PW",6," ","Benin",2011,"BJIR61FL"
"3:AEG",1.18746676888309,20,1,"AEG",14," ","Benin",2011,"BJIR61FL"
"3:AEP",3.08494731198323,20,1,"AEP",23,"3:AEP","Benin",2011,"BJIR61FL"
"3:AEW",1.21615020749412,20,1,"AEW",15," ","Benin",2011,"BJIR61FL"
"3:AGP",0.674433558727892,20,1,"AGP",10," ","Benin",2011,"BJIR61FL"
"3:AGW",0.0334520270552246,20,1,"AGW",3," ","Benin",2011,"BJIR61FL"
"3:APW",0.0317404420289524,20,1,"APW",2," ","Benin",2011,"BJIR61FL"
"3:EGP",4.12983454067741,20,1,"EGP",25,"3:EGP","Benin",2011,"BJIR61FL"
"3:EGW",1.63926627853388,20,1,"EGW",20," ","Benin",2011,"BJIR61FL"
"3:EPW",3.21587952408088,20,1,"EPW",24,"3:EPW","Benin",2011,"BJIR61FL"
"3:GPW",0.115801445263285,20,1,"GPW",5," ","Benin",2011,"BJIR61FL"
"4:AEGP",1.41430449888279,20,1,"AEGP",19," ","Benin",2011,"BJIR61FL"
"4:AEGW",0.297127536246154,20,1,"AEGW",7," ","Benin",2011,"BJIR61FL"
"4:AEPW",1.26916388273888,20,1,"AEPW",16," ","Benin",2011,"BJIR61FL"
"4:AGPW",0.0188595456569203,20,1,"AGPW",1," ","Benin",2011,"BJIR61FL"
"4:EGPW",1.01704046096256,20,1,"EGPW",12," ","Benin",2011,"BJIR61FL"
"5:AEGPW",0.361211751826892,20,1,"AEGPW",8," ","Benin",2011,"BJIR61FL"
"0",67.9197955293076,30,1,"",0,"0","Benin",2011,"BJIR61FL"
"1:G",15.2430398923945,30,1,"G",3,"1:G","Benin",2011,"BJIR61FL"
"1:W",14.0766793165449,30,1,"W",2,"1:W","Benin",2011,"BJIR61FL"
"2:GW",2.76048526175298,30,1,"GW",1,"2:GW","Benin",2011,"BJIR61FL"
"0",17.4308195638401,10,1,"",0,"0","Benin",2017,"BJIR71FL"
"1:A",9.31453567638293,10,1,"A",29,"1:A","Benin",2017,"BJIR71FL"
"1:E",17.2867909287774,10,1,"E",31,"1:E","Benin",2017,"BJIR71FL"
"1:G",2.74083368824057,10,1,"G",22,"1:G","Benin",2017,"BJIR71FL"
"1:P",3.88372129461209,10,1,"P",26,"1:P","Benin",2017,"BJIR71FL"
"1:W",2.90293918793856,10,1,"W",23,"1:W","Benin",2017,"BJIR71FL"
"2:AE",2.01955669198281,10,1,"AE",19," ","Benin",2017,"BJIR71FL"
"2:AG",1.62656989527041,10,1,"AG",18," ","Benin",2017,"BJIR71FL"
"2:AP",0.105777605441431,10,1,"AP",7," ","Benin",2017,"BJIR71FL"
"2:AW",2.93169790842174,10,1,"AW",24,"2:AW","Benin",2017,"BJIR71FL"
"2:EG",4.66557166478353,10,1,"EG",28,"2:EG","Benin",2017,"BJIR71FL"
"2:EP",2.72386393686468,10,1,"EP",21,"2:EP","Benin",2017,"BJIR71FL"
"2:EW",16.9107197460727,10,1,"EW",30,"2:EW","Benin",2017,"BJIR71FL"
"2:GP",0.856823593402554,10,1,"GP",15," ","Benin",2017,"BJIR71FL"
"2:GW",1.10719232135008,10,1,"GW",17," ","Benin",2017,"BJIR71FL"
"2:PW",0.701926029413007,10,1,"PW",14," ","Benin",2017,"BJIR71FL"
"3:AEG",0.363382106867346,10,1,"AEG",10," ","Benin",2017,"BJIR71FL"
"3:AEP",0.074258569790853,10,1,"AEP",6," ","Benin",2017,"BJIR71FL"
"3:AEW",2.96383810178182,10,1,"AEW",25,"3:AEW","Benin",2017,"BJIR71FL"
"3:AGP",0.0270914301773319,10,1,"AGP",4," ","Benin",2017,"BJIR71FL"
"3:AGW",0.932136244056964,10,1,"AGW",16," ","Benin",2017,"BJIR71FL"
"3:APW",0.0650807634150299,10,1,"APW",5," ","Benin",2017,"BJIR71FL"
"3:EGP",0.667636627113374,10,1,"EGP",13," ","Benin",2017,"BJIR71FL"
"3:EGW",4.12447338519448,10,1,"EGW",27,"3:EGW","Benin",2017,"BJIR71FL"
"3:EPW",2.37170008087277,10,1,"EPW",20," ","Benin",2017,"BJIR71FL"
"3:GPW",0.201075188284444,10,1,"GPW",9," ","Benin",2017,"BJIR71FL"
"4:AEGP",0.0193001632284969,10,1,"AEGP",3," ","Benin",2017,"BJIR71FL"
"4:AEGW",0.409452435833296,10,1,"AEGW",12," ","Benin",2017,"BJIR71FL"
"4:AEPW",0.1550310772994,10,1,"AEPW",8," ","Benin",2017,"BJIR71FL"
"4:AGPW",0.0178870416819792,10,1,"AGPW",2," ","Benin",2017,"BJIR71FL"
"4:EGPW",0.394338987821968,10,1,"EGPW",11," ","Benin",2017,"BJIR71FL"
"5:AEGPW",0.00397806378579292,10,1,"AEGPW",1," ","Benin",2017,"BJIR71FL"
"0",81.8422571629074,20,1,"",0,"0","Benin",2017,"BJIR71FL"
"1:G",18.1577428370926,20,1,"G",1,"1:G","Benin",2017,"BJIR71FL"
"0",81.8422571629074,30,1,"",0,"0","Benin",2017,"BJIR71FL"
"1:G",18.1577428370926,30,1,"G",1,"1:G","Benin",2017,"BJIR71FL"
"0",19.2249012775078,10,1,"",0,"0","Cameroon",2011,"CMIR61FL"
"1:A",3.40162751177477,10,1,"A",22,"1:A","Cameroon",2011,"CMIR61FL"
"1:E",3.46913724273914,10,1,"E",23,"1:E","Cameroon",2011,"CMIR61FL"
"1:G",2.58099953823583,10,1,"G",20,"1:G","Cameroon",2011,"CMIR61FL"
"1:P",1.60007521934468,10,1,"P",17," ","Cameroon",2011,"CMIR61FL"
"1:W",6.39525739878825,10,1,"W",28,"1:W","Cameroon",2011,"CMIR61FL"
"2:AE",1.30416273112977,10,1,"AE",16," ","Cameroon",2011,"CMIR61FL"
"2:AG",0.344470916004976,10,1,"AG",5," ","Cameroon",2011,"CMIR61FL"
"2:AP",5.83642148658872,10,1,"AP",27,"2:AP","Cameroon",2011,"CMIR61FL"
"2:AW",0.463123445327112,10,1,"AW",7," ","Cameroon",2011,"CMIR61FL"
"2:EG",1.19224542163022,10,1,"EG",11," ","Cameroon",2011,"CMIR61FL"
"2:EP",1.27469719214999,10,1,"EP",14," ","Cameroon",2011,"CMIR61FL"
"2:EW",4.72090007709396,10,1,"EW",25,"2:EW","Cameroon",2011,"CMIR61FL"
"2:GP",0.275640343591566,10,1,"GP",3," ","Cameroon",2011,"CMIR61FL"
"2:GW",1.95902803617387,10,1,"GW",19," ","Cameroon",2011,"CMIR61FL"
"2:PW",0.756439861949969,10,1,"PW",9," ","Cameroon",2011,"CMIR61FL"
"3:AEG",0.173702406674481,10,1,"AEG",2," ","Cameroon",2011,"CMIR61FL"
"3:AEP",3.77295501431683,10,1,"AEP",24,"3:AEP","Cameroon",2011,"CMIR61FL"
"3:AEW",1.26203211359112,10,1,"AEW",13," ","Cameroon",2011,"CMIR61FL"
"3:AGP",0.801758797942226,10,1,"AGP",10," ","Cameroon",2011,"CMIR61FL"
"3:AGW",0.122266278870146,10,1,"AGW",1," ","Cameroon",2011,"CMIR61FL"
"3:APW",1.67515584367774,10,1,"APW",18," ","Cameroon",2011,"CMIR61FL"
"3:EGP",0.577490015837777,10,1,"EGP",8," ","Cameroon",2011,"CMIR61FL"
"3:EGW",8.72278733784046,10,1,"EGW",30,"3:EGW","Cameroon",2011,"CMIR61FL"
"3:EPW",2.72086185642719,10,1,"EPW",21,"3:EPW","Cameroon",2011,"CMIR61FL"
"3:GPW",0.29474472598423,10,1,"GPW",4," ","Cameroon",2011,"CMIR61FL"
"4:AEGP",1.29988543950365,10,1,"AEGP",15," ","Cameroon",2011,"CMIR61FL"
"4:AEGW",1.21250872403904,10,1,"AEGW",12," ","Cameroon",2011,"CMIR61FL"
"4:AEPW",7.2165416863487,10,1,"AEPW",29,"4:AEPW","Cameroon",2011,"CMIR61FL"
"4:AGPW",0.461836929043705,10,1,"AGPW",6," ","Cameroon",2011,"CMIR61FL"
"4:EGPW",5.20349680796775,10,1,"EGPW",26,"4:EGPW","Cameroon",2011,"CMIR61FL"
"5:AEGPW",9.68284832190431,10,1,"AEGPW",31,"5:AEGPW","Cameroon",2011,"CMIR61FL"
"0",28.682304161002,20,1,"",0,"0","Cameroon",2011,"CMIR61FL"
"1:A",1.35084610380031,20,1,"A",15," ","Cameroon",2011,"CMIR61FL"
"1:E",8.7257048796806,20,1,"E",29,"1:E","Cameroon",2011,"CMIR61FL"
"1:G",2.51746945206473,20,1,"G",19,"1:G","Cameroon",2011,"CMIR61FL"
"1:P",5.54611929273521,20,1,"P",27,"1:P","Cameroon",2011,"CMIR61FL"
"1:W",2.96014531519391,20,1,"W",22,"1:W","Cameroon",2011,"CMIR61FL"
"2:AE",1.21424413829117,20,1,"AE",14," ","Cameroon",2011,"CMIR61FL"
"2:AG",0.0666929670515476,20,1,"AG",2," ","Cameroon",2011,"CMIR61FL"
"2:AP",2.41971599593404,20,1,"AP",18," ","Cameroon",2011,"CMIR61FL"
"2:AW",0.0840794964524573,20,1,"AW",3," ","Cameroon",2011,"CMIR61FL"
"2:EG",3.05660613550269,20,1,"EG",24,"2:EG","Cameroon",2011,"CMIR61FL"
"2:EP",5.47147971598833,20,1,"EP",26,"2:EP","Cameroon",2011,"CMIR61FL"
"2:EW",3.6119360642644,20,1,"EW",25,"2:EW","Cameroon",2011,"CMIR61FL"
"2:GP",0.541698047393227,20,1,"GP",9," ","Cameroon",2011,"CMIR61FL"
"2:GW",0.860252685439964,20,1,"GW",12," ","Cameroon",2011,"CMIR61FL"
"2:PW",0.616870938030802,20,1,"PW",10," ","Cameroon",2011,"CMIR61FL"
"3:AEG",0.236779407141825,20,1,"AEG",6," ","Cameroon",2011,"CMIR61FL"
"3:AEP",3.00094514703345,20,1,"AEP",23,"3:AEP","Cameroon",2011,"CMIR61FL"
"3:AEW",0.483376109851738,20,1,"AEW",8," ","Cameroon",2011,"CMIR61FL"
"3:AGP",0.122482102805808,20,1,"AGP",4," ","Cameroon",2011,"CMIR61FL"
"3:APW",0.238184573756965,20,1,"APW",7," ","Cameroon",2011,"CMIR61FL"
"3:EGP",2.10679430232024,20,1,"EGP",17," ","Cameroon",2011,"CMIR61FL"
"3:EGW",9.08201478840751,20,1,"EGW",30,"3:EGW","Cameroon",2011,"CMIR61FL"
"3:EPW",2.88303503960347,20,1,"EPW",21,"3:EPW","Cameroon",2011,"CMIR61FL"
"3:GPW",0.138361961636253,20,1,"GPW",5," ","Cameroon",2011,"CMIR61FL"
"4:AEGP",1.0204181154532,20,1,"AEGP",13," ","Cameroon",2011,"CMIR61FL"
"4:AEGW",0.69619456771972,20,1,"AEGW",11," ","Cameroon",2011,"CMIR61FL"
"4:AEPW",1.79339490871487,20,1,"AEPW",16," ","Cameroon",2011,"CMIR61FL"
"4:AGPW",0.0485245175084001,20,1,"AGPW",1," ","Cameroon",2011,"CMIR61FL"
"4:EGPW",7.64303450770667,20,1,"EGPW",28,"4:EGPW","Cameroon",2011,"CMIR61FL"
"5:AEGPW",2.78029456151452,20,1,"AEGPW",20,"5:AEGPW","Cameroon",2011,"CMIR61FL"
"0",49.1948379866749,30,1,"",0,"0","Cameroon",2011,"CMIR61FL"
"1:E",1.40398649066395,30,1,"E",6," ","Cameroon",2011,"CMIR61FL"
"1:G",5.84227800161886,30,1,"G",12,"1:G","Cameroon",2011,"CMIR61FL"
"1:P",5.23496809051636,30,1,"P",11,"1:P","Cameroon",2011,"CMIR61FL"
"1:W",8.70033888047773,30,1,"W",15,"1:W","Cameroon",2011,"CMIR61FL"
"2:EG",1.78796751335688,30,1,"EG",8," ","Cameroon",2011,"CMIR61FL"
"2:EP",0.577566866609929,30,1,"EP",1," ","Cameroon",2011,"CMIR61FL"
"2:EW",1.00809517354997,30,1,"EW",4," ","Cameroon",2011,"CMIR61FL"
"2:GP",0.922130515663883,30,1,"GP",3," ","Cameroon",2011,"CMIR61FL"
"2:GW",6.31555829262748,30,1,"GW",13,"2:GW","Cameroon",2011,"CMIR61FL"
"2:PW",2.30635011906697,30,1,"PW",9," ","Cameroon",2011,"CMIR61FL"
"3:EGP",1.11656449909364,30,1,"EGP",5," ","Cameroon",2011,"CMIR61FL"
"3:EGW",8.34492501091398,30,1,"EGW",14,"3:EGW","Cameroon",2011,"CMIR61FL"
"3:EPW",0.656238272773939,30,1,"EPW",2," ","Cameroon",2011,"CMIR61FL"
"3:GPW",1.47733529856677,30,1,"GPW",7," ","Cameroon",2011,"CMIR61FL"
"4:EGPW",5.1108589878248,30,1,"EGPW",10,"4:EGPW","Cameroon",2011,"CMIR61FL"
"0",33.1399532410112,10,1,"",0,"0","Cameroon",2018,"CMIR71FL"
"1:A",6.58989416386526,10,1,"A",28,"1:A","Cameroon",2018,"CMIR71FL"
"1:E",0.751940800498105,10,1,"E",11," ","Cameroon",2018,"CMIR71FL"
"1:G",10.2241444257092,10,1,"G",31,"1:G","Cameroon",2018,"CMIR71FL"
"1:P",1.96099732330739,10,1,"P",23," ","Cameroon",2018,"CMIR71FL"
"1:W",6.3331697534298,10,1,"W",27,"1:W","Cameroon",2018,"CMIR71FL"
"2:AE",0.2177214882904,10,1,"AE",4," ","Cameroon",2018,"CMIR71FL"
"2:AG",1.50485600019401,10,1,"AG",19," ","Cameroon",2018,"CMIR71FL"
"2:AP",4.65653192139965,10,1,"AP",26,"2:AP","Cameroon",2018,"CMIR71FL"
"2:AW",0.810552846413947,10,1,"AW",13," ","Cameroon",2018,"CMIR71FL"
"2:EG",1.81709711908413,10,1,"EG",21," ","Cameroon",2018,"CMIR71FL"
"2:EP",0.0590735508595912,10,1,"EP",1," ","Cameroon",2018,"CMIR71FL"
"2:EW",0.55608581994814,10,1,"EW",10," ","Cameroon",2018,"CMIR71FL"
"2:GP",0.764519834303951,10,1,"GP",12," ","Cameroon",2018,"CMIR71FL"
"2:GW",6.8424648902619,10,1,"GW",29,"2:GW","Cameroon",2018,"CMIR71FL"
"2:PW",1.00253989451805,10,1,"PW",16," ","Cameroon",2018,"CMIR71FL"
"3:AEG",0.455742260918833,10,1,"AEG",8," ","Cameroon",2018,"CMIR71FL"
"3:AEP",0.217787045098139,10,1,"AEP",5," ","Cameroon",2018,"CMIR71FL"
"3:AEW",0.106072773074778,10,1,"AEW",2," ","Cameroon",2018,"CMIR71FL"
"3:AGP",1.51262878577502,10,1,"AGP",20," ","Cameroon",2018,"CMIR71FL"
"3:AGW",0.435727310689562,10,1,"AGW",7," ","Cameroon",2018,"CMIR71FL"
"3:APW",1.85389887189167,10,1,"APW",22," ","Cameroon",2018,"CMIR71FL"
"3:EGP",0.432166392099526,10,1,"EGP",6," ","Cameroon",2018,"CMIR71FL"
"3:EGW",6.94544164283908,10,1,"EGW",30,"3:EGW","Cameroon",2018,"CMIR71FL"
"3:EPW",0.166592385488545,10,1,"EPW",3," ","Cameroon",2018,"CMIR71FL"
"3:GPW",0.946878051840022,10,1,"GPW",15," ","Cameroon",2018,"CMIR71FL"
"4:AEGP",0.878857428897185,10,1,"AEGP",14," ","Cameroon",2018,"CMIR71FL"
"4:AEGW",1.24513320674718,10,1,"AEGW",18," ","Cameroon",2018,"CMIR71FL"
"4:AEPW",0.522623329394362,10,1,"AEPW",9," ","Cameroon",2018,"CMIR71FL"
"4:AGPW",1.01507610267456,10,1,"AGPW",17," ","Cameroon",2018,"CMIR71FL"
"4:EGPW",2.41617072505228,10,1,"EGPW",24," ","Cameroon",2018,"CMIR71FL"
"5:AEGPW",3.61766061442445,10,1,"AEGPW",25,"5:AEGPW","Cameroon",2018,"CMIR71FL"
"0",47.1585062431405,20,1,"",0,"0","Cameroon",2018,"CMIR71FL"
"1:A",5.28670499098502,20,1,"A",29,"1:A","Cameroon",2018,"CMIR71FL"
"1:E",1.2923617308999,20,1,"E",22," ","Cameroon",2018,"CMIR71FL"
"1:G",12.6470097963975,20,1,"G",31,"1:G","Cameroon",2018,"CMIR71FL"
"1:P",2.87028658811207,20,1,"P",25,"1:P","Cameroon",2018,"CMIR71FL"
"1:W",1.26282014850947,20,1,"W",21," ","Cameroon",2018,"CMIR71FL"
"2:AE",0.268594577289413,20,1,"AE",10," ","Cameroon",2018,"CMIR71FL"
"2:AG",0.825132347015845,20,1,"AG",17," ","Cameroon",2018,"CMIR71FL"
"2:AP",2.99240210942068,20,1,"AP",26,"2:AP","Cameroon",2018,"CMIR71FL"
"2:AW",0.0765754558512989,20,1,"AW",2," ","Cameroon",2018,"CMIR71FL"
"2:EG",5.02326102244526,20,1,"EG",28,"2:EG","Cameroon",2018,"CMIR71FL"
"2:EP",0.250560939458415,20,1,"EP",9," ","Cameroon",2018,"CMIR71FL"
"2:EW",0.331220101165231,20,1,"EW",11," ","Cameroon",2018,"CMIR71FL"
"2:GP",0.920711425864858,20,1,"GP",18," ","Cameroon",2018,"CMIR71FL"
"2:GW",3.78659247310963,20,1,"GW",27,"2:GW","Cameroon",2018,"CMIR71FL"
"2:PW",0.171446255306637,20,1,"PW",7," ","Cameroon",2018,"CMIR71FL"
"3:AEG",0.575006913050205,20,1,"AEG",14," ","Cameroon",2018,"CMIR71FL"
"3:AEP",0.349375033045054,20,1,"AEP",12," ","Cameroon",2018,"CMIR71FL"
"3:AEW",0.0305649104985143,20,1,"AEW",1," ","Cameroon",2018,"CMIR71FL"
"3:AGP",0.721183545473725,20,1,"AGP",16," ","Cameroon",2018,"CMIR71FL"
"3:AGW",0.078483977131321,20,1,"AGW",3," ","Cameroon",2018,"CMIR71FL"
"3:APW",0.140919646259205,20,1,"APW",6," ","Cameroon",2018,"CMIR71FL"
"3:EGP",1.25002112556378,20,1,"EGP",20," ","Cameroon",2018,"CMIR71FL"
"3:EGW",5.88961040925782,20,1,"EGW",30,"3:EGW","Cameroon",2018,"CMIR71FL"
"3:EPW",0.100739830322335,20,1,"EPW",5," ","Cameroon",2018,"CMIR71FL"
"3:GPW",0.469207134210657,20,1,"GPW",13," ","Cameroon",2018,"CMIR71FL"
"4:AEGP",1.12690216499264,20,1,"AEGP",19," ","Cameroon",2018,"CMIR71FL"
"4:AEGW",0.586759303860144,20,1,"AEGW",15," ","Cameroon",2018,"CMIR71FL"
"4:AEPW",0.0864965378750271,20,1,"AEPW",4," ","Cameroon",2018,"CMIR71FL"
"4:AGPW",0.185851280496856,20,1,"AGPW",8," ","Cameroon",2018,"CMIR71FL"
"4:EGPW",1.93448972261162,20,1,"EGPW",24," ","Cameroon",2018,"CMIR71FL"
"5:AEGPW",1.31020226037936,20,1,"AEGPW",23," ","Cameroon",2018,"CMIR71FL"
"0",63.3333890336072,30,1,"",0,"0","Cameroon",2018,"CMIR71FL"
"1:E",2.29950413048757,30,1,"E",3," ","Cameroon",2018,"CMIR71FL"
"1:G",10.088548012803,30,1,"G",7,"1:G","Cameroon",2018,"CMIR71FL"
"1:W",1.75301204184865,30,1,"W",2," ","Cameroon",2018,"CMIR71FL"
"2:EG",7.8365793762571,30,1,"EG",5,"2:EG","Cameroon",2018,"CMIR71FL"
"2:EW",0.596227899958709,30,1,"EW",1," ","Cameroon",2018,"CMIR71FL"
"2:GW",4.41888432902643,30,1,"GW",4,"2:GW","Cameroon",2018,"CMIR71FL"
"3:EGW",9.67385517601134,30,1,"EGW",6,"3:EGW","Cameroon",2018,"CMIR71FL"
"0",15.5014874875262,10,1,"",0,"0","Congo Democratic Republic",2013,"CDIR61FL"
"1:A",0.509474226031486,10,1,"A",12," ","Congo Democratic Republic",2013,"CDIR61FL"
"1:E",3.40364827945945,10,1,"E",23,"1:E","Congo Democratic Republic",2013,"CDIR61FL"
"1:G",7.46555781504667,10,1,"G",29,"1:G","Congo Democratic Republic",2013,"CDIR61FL"
"1:P",3.42191522596808,10,1,"P",24,"1:P","Congo Democratic Republic",2013,"CDIR61FL"
"1:W",5.85444856932688,10,1,"W",25,"1:W","Congo Democratic Republic",2013,"CDIR61FL"
"2:AE",0.0933376645137544,10,1,"AE",2," ","Congo Democratic Republic",2013,"CDIR61FL"
"2:AG",0.118741595180744,10,1,"AG",4," ","Congo Democratic Republic",2013,"CDIR61FL"
"2:AP",1.11142798728953,10,1,"AP",14," ","Congo Democratic Republic",2013,"CDIR61FL"
"2:AW",0.115220349078352,10,1,"AW",3," ","Congo Democratic Republic",2013,"CDIR61FL"
"2:EG",2.66779878260577,10,1,"EG",20,"2:EG","Congo Democratic Republic",2013,"CDIR61FL"
"2:EP",2.88971075601103,10,1,"EP",22,"2:EP","Congo Democratic Republic",2013,"CDIR61FL"
"2:EW",7.36679232875727,10,1,"EW",28,"2:EW","Congo Democratic Republic",2013,"CDIR61FL"
"2:GP",2.67868160520856,10,1,"GP",21,"2:GP","Congo Democratic Republic",2013,"CDIR61FL"
"2:GW",5.87554793206207,10,1,"GW",26,"2:GW","Congo Democratic Republic",2013,"CDIR61FL"
"2:PW",1.70112750191844,10,1,"PW",17," ","Congo Democratic Republic",2013,"CDIR61FL"
"3:AEG",0.0665739845429579,10,1,"AEG",1," ","Congo Democratic Republic",2013,"CDIR61FL"
"3:AEP",0.669136786012608,10,1,"AEP",13," ","Congo Democratic Republic",2013,"CDIR61FL"
"3:AEW",0.185052781613138,10,1,"AEW",6," ","Congo Democratic Republic",2013,"CDIR61FL"
"3:AGP",0.504230039461632,10,1,"AGP",11," ","Congo Democratic Republic",2013,"CDIR61FL"
"3:AGW",0.125062002078478,10,1,"AGW",5," ","Congo Democratic Republic",2013,"CDIR61FL"
"3:APW",0.38831327034434,10,1,"APW",8," ","Congo Democratic Republic",2013,"CDIR61FL"
"3:EGP",2.1917759191659,10,1,"EGP",19," ","Congo Democratic Republic",2013,"CDIR61FL"
"3:EGW",12.1179322235291,10,1,"EGW",31,"3:EGW","Congo Democratic Republic",2013,"CDIR61FL"
"3:EPW",6.8393670695349,10,1,"EPW",27,"3:EPW","Congo Democratic Republic",2013,"CDIR61FL"
"3:GPW",1.92286980410588,10,1,"GPW",18," ","Congo Democratic Republic",2013,"CDIR61FL"
"4:AEGP",0.427467171874651,10,1,"AEGP",10," ","Congo Democratic Republic",2013,"CDIR61FL"
"4:AEGW",0.423577375284199,10,1,"AEGW",9," ","Congo Democratic Republic",2013,"CDIR61FL"
"4:AEPW",1.3488279036292,10,1,"AEPW",15," ","Congo Democratic Republic",2013,"CDIR61FL"
"4:AGPW",0.374650249075173,10,1,"AGPW",7," ","Congo Democratic Republic",2013,"CDIR61FL"
"4:EGPW",9.96678648465037,10,1,"EGPW",30,"4:EGPW","Congo Democratic Republic",2013,"CDIR61FL"
"5:AEGPW",1.67345882911314,10,1,"AEGPW",16," ","Congo Democratic Republic",2013,"CDIR61FL"
"0",22.4191748103263,20,1,"",0,"0","Congo Democratic Republic",2013,"CDIR61FL"
"1:E",8.0206550720863,20,1,"E",3,"1:E","Congo Democratic Republic",2013,"CDIR61FL"
"1:G",8.89234117138662,20,1,"G",4,"1:G","Congo Democratic Republic",2013,"CDIR61FL"
"1:W",9.52402138949499,20,1,"W",5,"1:W","Congo Democratic Republic",2013,"CDIR61FL"
"2:EG",4.38879427209982,20,1,"EG",1,"2:EG","Congo Democratic Republic",2013,"CDIR61FL"
"2:EW",21.1552429394646,20,1,"EW",7,"2:EW","Congo Democratic Republic",2013,"CDIR61FL"
"2:GW",6.8332182884946,20,1,"GW",2,"2:GW","Congo Democratic Republic",2013,"CDIR61FL"
"3:EGW",18.7665520566467,20,1,"EGW",6,"3:EGW","Congo Democratic Republic",2013,"CDIR61FL"
"0",23.6687720977968,30,1,"",0,"0","Congo Democratic Republic",2013,"CDIR61FL"
"1:E",8.7048758545712,30,1,"E",4,"1:E","Congo Democratic Republic",2013,"CDIR61FL"
"1:G",7.64274388391608,30,1,"G",3,"1:G","Congo Democratic Republic",2013,"CDIR61FL"
"1:W",10.737538504671,30,1,"W",5,"1:W","Congo Democratic Republic",2013,"CDIR61FL"
"2:EG",3.70457348961493,30,1,"EG",1,"2:EG","Congo Democratic Republic",2013,"CDIR61FL"
"2:EW",24.434661765849,30,1,"EW",8,"2:EW","Congo Democratic Republic",2013,"CDIR61FL"
"2:GW",5.61970117331856,30,1,"GW",2,"2:GW","Congo Democratic Republic",2013,"CDIR61FL"
"3:EGW",15.4871332302623,30,1,"EGW",6,"3:EGW","Congo Democratic Republic",2013,"CDIR61FL"
"0",12.7279590663111,10,1,"",0,"0","Ethiopia",2011,"ETIR61FL"
"1:A",8.78033813151216,10,1,"A",30,"1:A","Ethiopia",2011,"ETIR61FL"
"1:E",8.84364967325235,10,1,"E",31,"1:E","Ethiopia",2011,"ETIR61FL"
"1:G",7.51834243450984,10,1,"G",28,"1:G","Ethiopia",2011,"ETIR61FL"
"1:P",1.018419975201,10,1,"P",9," ","Ethiopia",2011,"ETIR61FL"
"1:W",2.6277351311769,10,1,"W",20,"1:W","Ethiopia",2011,"ETIR61FL"
"2:AE",1.67413432716095,10,1,"AE",16," ","Ethiopia",2011,"ETIR61FL"
"2:AG",5.97512029775038,10,1,"AG",27,"2:AG","Ethiopia",2011,"ETIR61FL"
"2:AP",0.411792520557384,10,1,"AP",5," ","Ethiopia",2011,"ETIR61FL"
"2:AW",3.89036025597925,10,1,"AW",23,"2:AW","Ethiopia",2011,"ETIR61FL"
"2:EG",5.59537153777381,10,1,"EG",26,"2:EG","Ethiopia",2011,"ETIR61FL"
"2:EP",3.46772184974048,10,1,"EP",22,"2:EP","Ethiopia",2011,"ETIR61FL"
"2:EW",7.9128254725824,10,1,"EW",29,"2:EW","Ethiopia",2011,"ETIR61FL"
"2:GP",1.22569059214073,10,1,"GP",13," ","Ethiopia",2011,"ETIR61FL"
"2:GW",1.56666493448176,10,1,"GW",15," ","Ethiopia",2011,"ETIR61FL"
"2:PW",0.422900095615036,10,1,"PW",6," ","Ethiopia",2011,"ETIR61FL"
"3:AEG",1.12866726679145,10,1,"AEG",11," ","Ethiopia",2011,"ETIR61FL"
"3:AEP",1.25258717131298,10,1,"AEP",14," ","Ethiopia",2011,"ETIR61FL"
"3:AEW",2.07113939977615,10,1,"AEW",17," ","Ethiopia",2011,"ETIR61FL"
"3:AGP",0.169091839637915,10,1,"AGP",3," ","Ethiopia",2011,"ETIR61FL"
"3:AGW",2.30739557562719,10,1,"AGW",18," ","Ethiopia",2011,"ETIR61FL"
"3:APW",0.129256774094521,10,1,"APW",2," ","Ethiopia",2011,"ETIR61FL"
"3:EGP",2.78032950166041,10,1,"EGP",21,"3:EGP","Ethiopia",2011,"ETIR61FL"
"3:EGW",5.19118446689382,10,1,"EGW",25,"3:EGW","Ethiopia",2011,"ETIR61FL"
"3:EPW",4.30804210751462,10,1,"EPW",24,"3:EPW","Ethiopia",2011,"ETIR61FL"
"3:GPW",0.346141983937545,10,1,"GPW",4," ","Ethiopia",2011,"ETIR61FL"
"4:AEGP",0.940243589211356,10,1,"AEGP",8," ","Ethiopia",2011,"ETIR61FL"
"4:AEGW",1.07230590375545,10,1,"AEGW",10," ","Ethiopia",2011,"ETIR61FL"
"4:AEPW",1.1964897804265,10,1,"AEPW",12," ","Ethiopia",2011,"ETIR61FL"
"4:AGPW",0.0557032643303972,10,1,"AGPW",1," ","Ethiopia",2011,"ETIR61FL"
"4:EGPW",2.53542618674688,10,1,"EGPW",19,"4:EGPW","Ethiopia",2011,"ETIR61FL"
"5:AEGPW",0.85696889253728,10,1,"AEGPW",7," ","Ethiopia",2011,"ETIR61FL"
"0",64.720236742518,20,1,"",0,"0","Ethiopia",2011,"ETIR61FL"
"1:G",1.24319521238132,20,1,"G",4," ","Ethiopia",2011,"ETIR61FL"
"1:P",15.546229040699,20,1,"P",7,"1:P","Ethiopia",2011,"ETIR61FL"
"1:W",12.1397429833565,20,1,"W",6,"1:W","Ethiopia",2011,"ETIR61FL"
"2:GP",0.411651618345677,20,1,"GP",1," ","Ethiopia",2011,"ETIR61FL"
"2:GW",0.780018937079234,20,1,"GW",3," ","Ethiopia",2011,"ETIR61FL"
"2:PW",4.72483236957576,20,1,"PW",5,"2:PW","Ethiopia",2011,"ETIR61FL"
"3:GPW",0.43409309604453,20,1,"GPW",2," ","Ethiopia",2011,"ETIR61FL"
"0",80.6911586732817,30,1,"",0,"0","Ethiopia",2011,"ETIR61FL"
"1:G",1.23015394066235,30,1,"G",2," ","Ethiopia",2011,"ETIR61FL"
"1:W",17.3160140561971,30,1,"W",3,"1:W","Ethiopia",2011,"ETIR61FL"
"2:GW",0.762673329858911,30,1,"GW",1," ","Ethiopia",2011,"ETIR61FL"
"0",29.2523788370277,10,1,"",0,"0","Ethiopia",2016,"ETIR70FL"
"1:A",2.95677203266299,10,1,"A",7,"1:A","Ethiopia",2016,"ETIR70FL"
"1:G",15.9364272401902,10,1,"G",15,"1:G","Ethiopia",2016,"ETIR70FL"
"1:P",3.8816371000768,10,1,"P",10,"1:P","Ethiopia",2016,"ETIR70FL"
"1:W",11.9512195311064,10,1,"W",14,"1:W","Ethiopia",2016,"ETIR70FL"
"2:AG",1.62394098000371,10,1,"AG",3," ","Ethiopia",2016,"ETIR70FL"
"2:AP",4.7025809176707,10,1,"AP",12,"2:AP","Ethiopia",2016,"ETIR70FL"
"2:AW",0.89948693246145,10,1,"AW",2," ","Ethiopia",2016,"ETIR70FL"
"2:GP",4.04166391508859,10,1,"GP",11,"2:GP","Ethiopia",2016,"ETIR70FL"
"2:GW",8.88465945031997,10,1,"GW",13,"2:GW","Ethiopia",2016,"ETIR70FL"
"2:PW",3.39109923005463,10,1,"PW",8,"2:PW","Ethiopia",2016,"ETIR70FL"
"3:AGP",2.90468762404116,10,1,"AGP",6,"3:AGP","Ethiopia",2016,"ETIR70FL"
"3:AGW",0.565244735539628,10,1,"AGW",1," ","Ethiopia",2016,"ETIR70FL"
"3:APW",2.86715112044578,10,1,"APW",5,"3:APW","Ethiopia",2016,"ETIR70FL"
"3:GPW",3.858669218207,10,1,"GPW",9,"3:GPW","Ethiopia",2016,"ETIR70FL"
"4:AGPW",2.28238113510328,10,1,"AGPW",4," ","Ethiopia",2016,"ETIR70FL"
"0",66.7953231196173,20,1,"",0,"0","Ethiopia",2016,"ETIR70FL"
"1:G",0.999719940324256,20,1,"G",3," ","Ethiopia",2016,"ETIR70FL"
"1:P",15.1322513237438,20,1,"P",7,"1:P","Ethiopia",2016,"ETIR70FL"
"1:W",10.4143844343679,20,1,"W",6,"1:W","Ethiopia",2016,"ETIR70FL"
"2:GP",0.285300082428564,20,1,"GP",1," ","Ethiopia",2016,"ETIR70FL"
"2:GW",1.65469554153124,20,1,"GW",4," ","Ethiopia",2016,"ETIR70FL"
"2:PW",3.91110053748812,20,1,"PW",5,"2:PW","Ethiopia",2016,"ETIR70FL"
"3:GPW",0.807225020498845,20,1,"GPW",2," ","Ethiopia",2016,"ETIR70FL"
"0",97.0703605114802,30,1,"",0,"0","Ethiopia",2016,"ETIR70FL"
"1:G",2.92963948851977,30,1,"G",1,"1:G","Ethiopia",2016,"ETIR70FL"
"0",60.0281809937911,10,1,"",0,"0","Ghana",2014,"GHIR72FL"
"1:A",12.4762650345328,10,1,"A",2,"1:A","Ghana",2014,"GHIR72FL"
"1:G",22.6754502999082,10,1,"G",3,"1:G","Ghana",2014,"GHIR72FL"
"2:AG",4.82010367176792,10,1,"AG",1,"2:AG","Ghana",2014,"GHIR72FL"
"0",75.8885661346583,20,1,"",0,"0","Ghana",2014,"GHIR72FL"
"1:A",15.7475682836262,20,1,"A",3,"1:A","Ghana",2014,"GHIR72FL"
"1:G",6.81506515904104,20,1,"G",2,"1:G","Ghana",2014,"GHIR72FL"
"2:AG",1.5488004226745,20,1,"AG",1," ","Ghana",2014,"GHIR72FL"
"0",100,30,1,"",0,"0","Ghana",2014,"GHIR72FL"
"0",6.07702726671673,10,1,"",0,"0","Guinea",2012,"GNIR62FL"
"1:A",6.80265587272205,10,1,"A",29,"1:A","Guinea",2012,"GNIR62FL"
"1:E",2.12077639896349,10,1,"E",18," ","Guinea",2012,"GNIR62FL"
"1:G",0.16923019329215,10,1,"G",9," ","Guinea",2012,"GNIR62FL"
"1:P",0.414680788268314,10,1,"P",11," ","Guinea",2012,"GNIR62FL"
"1:W",4.36798034334684,10,1,"W",24,"1:W","Guinea",2012,"GNIR62FL"
"2:AE",2.71152522794181,10,1,"AE",21,"2:AE","Guinea",2012,"GNIR62FL"
"2:AG",0.111212985976163,10,1,"AG",8," ","Guinea",2012,"GNIR62FL"
"2:AP",1.68929895759001,10,1,"AP",17," ","Guinea",2012,"GNIR62FL"
"2:AW",6.39943919535225,10,1,"AW",28,"2:AW","Guinea",2012,"GNIR62FL"
"2:EG",0.0579424206159251,10,1,"EG",5," ","Guinea",2012,"GNIR62FL"
"2:EP",0.532862949601627,10,1,"EP",12," ","Guinea",2012,"GNIR62FL"
"2:EW",7.9983634959241,10,1,"EW",30,"2:EW","Guinea",2012,"GNIR62FL"
"2:GP",0.0110582587802802,10,1,"GP",2," ","Guinea",2012,"GNIR62FL"
"2:GW",1.33645146727546,10,1,"GW",15," ","Guinea",2012,"GNIR62FL"
"2:PW",0.704619078181913,10,1,"PW",14," ","Guinea",2012,"GNIR62FL"
"3:AEG",0.0891846657481455,10,1,"AEG",7," ","Guinea",2012,"GNIR62FL"
"3:AEP",2.54944582234865,10,1,"AEP",20,"3:AEP","Guinea",2012,"GNIR62FL"
"3:AEW",9.5364695390325,10,1,"AEW",31,"3:AEW","Guinea",2012,"GNIR62FL"
"3:AGP",0.0577868638422553,10,1,"AGP",4," ","Guinea",2012,"GNIR62FL"
"3:AGW",2.49672856043279,10,1,"AGW",19," ","Guinea",2012,"GNIR62FL"
"3:APW",1.57318693411834,10,1,"APW",16," ","Guinea",2012,"GNIR62FL"
"3:EGP",0.0224993112666692,10,1,"EGP",3," ","Guinea",2012,"GNIR62FL"
"3:EGW",4.87750603592222,10,1,"EGW",25,"3:EGW","Guinea",2012,"GNIR62FL"
"3:EPW",3.69968441172058,10,1,"EPW",23,"3:EPW","Guinea",2012,"GNIR62FL"
"3:GPW",0.246284876329641,10,1,"GPW",10," ","Guinea",2012,"GNIR62FL"
"4:AEGP",0.0583686730845535,10,1,"AEGP",6," ","Guinea",2012,"GNIR62FL"
"4:AEGW",5.83093872598449,10,1,"AEGW",26,"4:AEGW","Guinea",2012,"GNIR62FL"
"4:AEPW",13.5870588573539,10,1,"AEPW",33,"4:AEPW","Guinea",2012,"GNIR62FL"
"4:AGPW",0.563591346551588,10,1,"AGPW",13," ","Guinea",2012,"GNIR62FL"
"4:EGPW",2.84352587562504,10,1,"EGPW",22,"4:EGPW","Guinea",2012,"GNIR62FL"
"5:AEGPW",10.4578948122143,10,1,"AEGPW",32,"5:AEGPW","Guinea",2012,"GNIR62FL"
"NAANAGW",0.00471978787520959,10,1,"ANAGW",1," ","Guinea",2012,"GNIR62FL"
"0",18.9944208859229,20,1,"",0,"0","Guinea",2012,"GNIR62FL"
"1:A",0.919110374869576,20,1,"A",15," ","Guinea",2012,"GNIR62FL"
"1:E",10.032889641792,20,1,"E",30,"1:E","Guinea",2012,"GNIR62FL"
"1:G",2.1935609769164,20,1,"G",21," ","Guinea",2012,"GNIR62FL"
"1:P",0.944957804768459,20,1,"P",16," ","Guinea",2012,"GNIR62FL"
"1:W",5.58995215427613,20,1,"W",28,"1:W","Guinea",2012,"GNIR62FL"
"2:AE",1.05459547896907,20,1,"AE",18," ","Guinea",2012,"GNIR62FL"
"2:AG",0.0440782331057227,20,1,"AG",3," ","Guinea",2012,"GNIR62FL"
"2:AP",0.725667514341151,20,1,"AP",12," ","Guinea",2012,"GNIR62FL"
"2:AW",0.117142399774971,20,1,"AW",4," ","Guinea",2012,"GNIR62FL"
"2:EG",2.26938387257727,20,1,"EG",23," ","Guinea",2012,"GNIR62FL"
"2:EP",2.21134985274732,20,1,"EP",22," ","Guinea",2012,"GNIR62FL"
"2:EW",15.5919031606546,20,1,"EW",32,"2:EW","Guinea",2012,"GNIR62FL"
"2:GP",0.12725727634666,20,1,"GP",7," ","Guinea",2012,"GNIR62FL"
"2:GW",2.18128819175302,20,1,"GW",20," ","Guinea",2012,"GNIR62FL"
"2:PW",0.384342754484231,20,1,"PW",11," ","Guinea",2012,"GNIR62FL"
"3:AEG",0.193720141215841,20,1,"AEG",9," ","Guinea",2012,"GNIR62FL"
"3:AEP",2.33527618394708,20,1,"AEP",24," ","Guinea",2012,"GNIR62FL"
"3:AEW",1.47925616240221,20,1,"AEW",19," ","Guinea",2012,"GNIR62FL"
"3:AGP",0.171358064692331,20,1,"AGP",8," ","Guinea",2012,"GNIR62FL"
"3:AGW",0.0241064213363627,20,1,"AGW",2," ","Guinea",2012,"GNIR62FL"
"3:APW",0.353294547859016,20,1,"APW",10," ","Guinea",2012,"GNIR62FL"
"3:EGP",0.993848475061885,20,1,"EGP",17," ","Guinea",2012,"GNIR62FL"
"3:EGW",10.0478944331288,20,1,"EGW",31,"3:EGW","Guinea",2012,"GNIR62FL"
"3:EPW",5.68278154771878,20,1,"EPW",29,"3:EPW","Guinea",2012,"GNIR62FL"
"3:GPW",0.123950592849715,20,1,"GPW",5," ","Guinea",2012,"GNIR62FL"
"4:AEGP",0.802902497097397,20,1,"AEGP",14," ","Guinea",2012,"GNIR62FL"
"4:AEGW",0.788638243949039,20,1,"AEGW",13," ","Guinea",2012,"GNIR62FL"
"4:AEPW",4.34813467465561,20,1,"AEPW",26,"4:AEPW","Guinea",2012,"GNIR62FL"
"4:AGPW",0.12674479548011,20,1,"AGPW",6," ","Guinea",2012,"GNIR62FL"
"4:EGPW",5.33632778974102,20,1,"EGPW",27,"4:EGPW","Guinea",2012,"GNIR62FL"
"5:AEGPW",3.80514506769013,20,1,"AEGPW",25,"5:AEGPW","Guinea",2012,"GNIR62FL"
"NANAGW",0.00471978787520959,20,1,"NAGW",1," ","Guinea",2012,"GNIR62FL"
"0",23.534760530033,30,1,"",0,"0","Guinea",2012,"GNIR62FL"
"1:A",1.39517066541537,30,1,"A",17," ","Guinea",2012,"GNIR62FL"
"1:E",18.8288578771185,30,1,"E",31,"1:E","Guinea",2012,"GNIR62FL"
"1:G",2.04770444406396,30,1,"G",21," ","Guinea",2012,"GNIR62FL"
"1:P",0.616038558145501,30,1,"P",11," ","Guinea",2012,"GNIR62FL"
"1:W",3.2942653168981,30,1,"W",26,"1:W","Guinea",2012,"GNIR62FL"
"2:AE",2.65352849754589,30,1,"AE",22,"2:AE","Guinea",2012,"GNIR62FL"
"2:AG",0.0786360985103671,30,1,"AG",5," ","Guinea",2012,"GNIR62FL"
"2:AP",0.684814002359466,30,1,"AP",13," ","Guinea",2012,"GNIR62FL"
"2:AW",0.0235092872195894,30,1,"AW",3," ","Guinea",2012,"GNIR62FL"
"2:EG",4.25774601632459,30,1,"EG",28,"2:EG","Guinea",2012,"GNIR62FL"
"2:EP",2.6875602964351,30,1,"EP",23,"2:EP","Guinea",2012,"GNIR62FL"
"2:EW",14.7199645105222,30,1,"EW",30,"2:EW","Guinea",2012,"GNIR62FL"
"2:GP",0.0929297106616445,30,1,"GP",6," ","Guinea",2012,"GNIR62FL"
"2:GW",0.789267187298485,30,1,"GW",14," ","Guinea",2012,"GNIR62FL"
"2:PW",0.155873334602902,30,1,"PW",9," ","Guinea",2012,"GNIR62FL"
"3:AEG",0.642485233296613,30,1,"AEG",12," ","Guinea",2012,"GNIR62FL"
"3:AEP",3.58568225483583,30,1,"AEP",27,"3:AEP","Guinea",2012,"GNIR62FL"
"3:AEW",1.69906001661011,30,1,"AEW",19," ","Guinea",2012,"GNIR62FL"
"3:AGP",0.12542942682878,30,1,"AGP",7," ","Guinea",2012,"GNIR62FL"
"3:APW",0.141765994605399,30,1,"APW",8," ","Guinea",2012,"GNIR62FL"
"3:EGP",0.84662825809019,30,1,"EGP",15," ","Guinea",2012,"GNIR62FL"
"3:EGW",5.9403191041841,30,1,"EGW",29,"3:EGW","Guinea",2012,"GNIR62FL"
"3:EPW",2.91274239400993,30,1,"EPW",24,"3:EPW","Guinea",2012,"GNIR62FL"
"3:GPW",0.00889155561394103,30,1,"GPW",2," ","Guinea",2012,"GNIR62FL"
"4:AEGP",1.17169965953533,30,1,"AEGP",16," ","Guinea",2012,"GNIR62FL"
"4:AEGW",0.562199845761537,30,1,"AEGW",10," ","Guinea",2012,"GNIR62FL"
"4:AEPW",3.03991578280316,30,1,"AEPW",25,"4:AEPW","Guinea",2012,"GNIR62FL"
"4:AGPW",0.0321768765202691,30,1,"AGPW",4," ","Guinea",2012,"GNIR62FL"
"4:EGPW",1.972560316737,30,1,"EGPW",20," ","Guinea",2012,"GNIR62FL"
"5:AEGPW",1.45309715953791,30,1,"AEGPW",18," ","Guinea",2012,"GNIR62FL"
"NANAGW",0.00471978787520959,30,1,"NAGW",1," ","Guinea",2012,"GNIR62FL"
"0",13.0184445165359,10,1,"",0,"0","Guinea",2018,"GNIR71FL"
"1:A",2.26470729259216,10,1,"A",19," ","Guinea",2018,"GNIR71FL"
"1:E",6.84496130229707,10,1,"E",27,"1:E","Guinea",2018,"GNIR71FL"
"1:G",3.91594543611381,10,1,"G",23,"1:G","Guinea",2018,"GNIR71FL"
"1:P",0.412019755207731,10,1,"P",9," ","Guinea",2018,"GNIR71FL"
"1:W",4.13195428377837,10,1,"W",24,"1:W","Guinea",2018,"GNIR71FL"
"2:AE",2.78954031844214,10,1,"AE",20,"2:AE","Guinea",2018,"GNIR71FL"
"2:AG",0.654108279269888,10,1,"AG",11," ","Guinea",2018,"GNIR71FL"
"2:AP",1.61200825555714,10,1,"AP",16," ","Guinea",2018,"GNIR71FL"
"2:AW",0.197466287354103,10,1,"AW",3," ","Guinea",2018,"GNIR71FL"
"2:EG",1.91877499396966,10,1,"EG",18," ","Guinea",2018,"GNIR71FL"
"2:EP",0.799203764499261,10,1,"EP",12," ","Guinea",2018,"GNIR71FL"
"2:EW",10.430204300067,10,1,"EW",31,"2:EW","Guinea",2018,"GNIR71FL"
"2:GP",0.101264806368921,10,1,"GP",1," ","Guinea",2018,"GNIR71FL"
"2:GW",2.93899457690967,10,1,"GW",21,"2:GW","Guinea",2018,"GNIR71FL"
"2:PW",0.20974073103077,10,1,"PW",4," ","Guinea",2018,"GNIR71FL"
"3:AEG",1.12294093704335,10,1,"AEG",13," ","Guinea",2018,"GNIR71FL"
"3:AEP",4.84140255775443,10,1,"AEP",26,"3:AEP","Guinea",2018,"GNIR71FL"
"3:AEW",3.82865557002583,10,1,"AEW",22,"3:AEW","Guinea",2018,"GNIR71FL"
"3:AGP",0.482597381022097,10,1,"AGP",10," ","Guinea",2018,"GNIR71FL"
"3:AGW",0.220423203025439,10,1,"AGW",5," ","Guinea",2018,"GNIR71FL"
"3:APW",0.364570361968098,10,1,"APW",7," ","Guinea",2018,"GNIR71FL"
"3:EGP",0.191196579769418,10,1,"EGP",2," ","Guinea",2018,"GNIR71FL"
"3:EGW",9.07547401134089,10,1,"EGW",29,"3:EGW","Guinea",2018,"GNIR71FL"
"3:EPW",1.87499536348168,10,1,"EPW",17," ","Guinea",2018,"GNIR71FL"
"3:GPW",0.235439894276196,10,1,"GPW",6," ","Guinea",2018,"GNIR71FL"
"4:AEGP",1.5647462634586,10,1,"AEGP",14," ","Guinea",2018,"GNIR71FL"
"4:AEGW",4.14309994319445,10,1,"AEGW",25,"4:AEGW","Guinea",2018,"GNIR71FL"
"4:AEPW",8.21846574044625,10,1,"AEPW",28,"4:AEPW","Guinea",2018,"GNIR71FL"
"4:AGPW",0.365028427079387,10,1,"AGPW",8," ","Guinea",2018,"GNIR71FL"
"4:EGPW",1.57279463575528,10,1,"EGPW",15," ","Guinea",2018,"GNIR71FL"
"5:AEGPW",9.65883023036496,10,1,"AEGPW",30,"5:AEGPW","Guinea",2018,"GNIR71FL"
"0",44.7330792043641,20,1,"",0,"0","Guinea",2018,"GNIR71FL"
"1:A",1.97020898351013,20,1,"A",7," ","Guinea",2018,"GNIR71FL"
"1:G",14.9591452968735,20,1,"G",15,"1:G","Guinea",2018,"GNIR71FL"
"1:P",10.331449683151,20,1,"P",14,"1:P","Guinea",2018,"GNIR71FL"
"1:W",7.87533710194177,20,1,"W",13,"1:W","Guinea",2018,"GNIR71FL"
"2:AG",1.07244871686479,20,1,"AG",5," ","Guinea",2018,"GNIR71FL"
"2:AP",2.55500619021706,20,1,"AP",9,"2:AP","Guinea",2018,"GNIR71FL"
"2:AW",0.375322835802299,20,1,"AW",2," ","Guinea",2018,"GNIR71FL"
"2:GP",4.30672107683426,20,1,"GP",11,"2:GP","Guinea",2018,"GNIR71FL"
"2:GW",4.4041847888343,20,1,"GW",12,"2:GW","Guinea",2018,"GNIR71FL"
"2:PW",2.5773011507634,20,1,"PW",10,"2:PW","Guinea",2018,"GNIR71FL"
"3:AGP",1.19578211813633,20,1,"AGP",6," ","Guinea",2018,"GNIR71FL"
"3:AGW",0.337924914003007,20,1,"AGW",1," ","Guinea",2018,"GNIR71FL"
"3:APW",0.704262436176894,20,1,"APW",4," ","Guinea",2018,"GNIR71FL"
"3:GPW",2.10820213286379,20,1,"GPW",8," ","Guinea",2018,"GNIR71FL"
"4:AGPW",0.493623369663365,20,1,"AGPW",3," ","Guinea",2018,"GNIR71FL"
"0",52.2892454479241,30,1,"",0,"0","Guinea",2018,"GNIR71FL"
"1:G",18.3243836404518,30,1,"G",7,"1:G","Guinea",2018,"GNIR71FL"
"1:P",7.30049861331818,30,1,"P",5,"1:P","Guinea",2018,"GNIR71FL"
"1:W",9.489035388773,30,1,"W",6,"1:W","Guinea",2018,"GNIR71FL"
"2:GP",3.20971356825707,30,1,"GP",3,"2:GP","Guinea",2018,"GNIR71FL"
"2:GW",5.7452056053696,30,1,"GW",4,"2:GW","Guinea",2018,"GNIR71FL"
"2:PW",2.04318813591137,30,1,"PW",2," ","Guinea",2018,"GNIR71FL"
"3:GPW",1.59872959999486,30,1,"GPW",1," ","Guinea",2018,"GNIR71FL"
"0",72.711064949792,10,1,"",0,"0","Malawi",2015,"MWIR7AFL"
"1:A",4.76748092761018,10,1,"A",1,"1:A","Malawi",2015,"MWIR7AFL"
"1:P",5.86199996175702,10,1,"P",2,"1:P","Malawi",2015,"MWIR7AFL"
"2:AP",16.6594541608408,10,1,"AP",3,"2:AP","Malawi",2015,"MWIR7AFL"
"0",72.711064949792,20,1,"",0,"0","Malawi",2015,"MWIR7AFL"
"1:A",4.76748092761018,20,1,"A",1,"1:A","Malawi",2015,"MWIR7AFL"
"1:P",5.86199996175702,20,1,"P",2,"1:P","Malawi",2015,"MWIR7AFL"
"2:AP",16.6594541608408,20,1,"AP",3,"2:AP","Malawi",2015,"MWIR7AFL"
"0",77.4785458774022,30,1,"",0,"0","Malawi",2015,"MWIR7AFL"
"1:P",22.5214541225978,30,1,"P",1,"1:P","Malawi",2015,"MWIR7AFL"
"0",13.8720319456187,10,1,"",0,"0","Mali",2018,"MLIR7HFL"
"1:A",8.15814821060261,10,1,"A",29,"1:A","Mali",2018,"MLIR7HFL"
"1:E",14.1069522387409,10,1,"E",32,"1:E","Mali",2018,"MLIR7HFL"
"1:G",3.01823967384301,10,1,"G",22,"1:G","Mali",2018,"MLIR7HFL"
"1:P",0.890155277225571,10,1,"P",9," ","Mali",2018,"MLIR7HFL"
"1:W",1.50847767512858,10,1,"W",12," ","Mali",2018,"MLIR7HFL"
"2:AE",5.45679717166457,10,1,"AE",28,"2:AE","Mali",2018,"MLIR7HFL"
"2:AG",1.76416802213041,10,1,"AG",17," ","Mali",2018,"MLIR7HFL"
"2:AP",0.611908898616048,10,1,"AP",7," ","Mali",2018,"MLIR7HFL"
"2:AW",1.66491057517577,10,1,"AW",15," ","Mali",2018,"MLIR7HFL"
"2:EG",4.02945022068692,10,1,"EG",24,"2:EG","Mali",2018,"MLIR7HFL"
"2:EP",4.22513032996289,10,1,"EP",26,"2:EP","Mali",2018,"MLIR7HFL"
"2:EW",8.59146909969872,10,1,"EW",30,"2:EW","Mali",2018,"MLIR7HFL"
"2:GP",0.385613778861513,10,1,"GP",6," ","Mali",2018,"MLIR7HFL"
"2:GW",1.08885081568013,10,1,"GW",10," ","Mali",2018,"MLIR7HFL"
"2:PW",0.249939496245787,10,1,"PW",5," ","Mali",2018,"MLIR7HFL"
"3:AEG",1.52354362223854,10,1,"AEG",13," ","Mali",2018,"MLIR7HFL"
"3:AEP",2.75978383586593,10,1,"AEP",21,"3:AEP","Mali",2018,"MLIR7HFL"
"3:AEW",3.42061310641547,10,1,"AEW",23,"3:AEW","Mali",2018,"MLIR7HFL"
"3:AGP",0.0611622863826108,10,1,"AGP",1," ","Mali",2018,"MLIR7HFL"
"3:AGW",0.842724086751121,10,1,"AGW",8," ","Mali",2018,"MLIR7HFL"
"3:APW",0.121984996764934,10,1,"APW",3," ","Mali",2018,"MLIR7HFL"
"3:EGP",1.57436905165875,10,1,"EGP",14," ","Mali",2018,"MLIR7HFL"
"3:EGW",5.26029138505509,10,1,"EGW",27,"3:EGW","Mali",2018,"MLIR7HFL"
"3:EPW",4.20880319834839,10,1,"EPW",25,"3:EPW","Mali",2018,"MLIR7HFL"
"3:GPW",0.169531027051351,10,1,"GPW",4," ","Mali",2018,"MLIR7HFL"
"4:AEGP",1.18675358065086,10,1,"AEGP",11," ","Mali",2018,"MLIR7HFL"
"4:AEGW",2.35261446268582,10,1,"AEGW",18," ","Mali",2018,"MLIR7HFL"
"4:AEPW",2.71778980663797,10,1,"AEPW",20,"4:AEPW","Mali",2018,"MLIR7HFL"
"4:AGPW",0.071291300397239,10,1,"AGPW",2," ","Mali",2018,"MLIR7HFL"
"4:EGPW",2.36689986032547,10,1,"EGPW",19," ","Mali",2018,"MLIR7HFL"
"5:AEGPW",1.73960096288832,10,1,"AEGPW",16," ","Mali",2018,"MLIR7HFL"
"0",40.5966528060578,20,1,"",0,"0","Mali",2018,"MLIR7HFL"
"1:A",0.997276760568954,20,1,"A",6," ","Mali",2018,"MLIR7HFL"
"1:G",10.0350443230852,20,1,"G",14,"1:G","Mali",2018,"MLIR7HFL"
"1:P",6.98329134999587,20,1,"P",12,"1:P","Mali",2018,"MLIR7HFL"
"1:W",14.8053072526259,20,1,"W",15,"1:W","Mali",2018,"MLIR7HFL"
"2:AG",0.300357215813697,20,1,"AG",1," ","Mali",2018,"MLIR7HFL"
"2:AP",1.50368699167457,20,1,"AP",8," ","Mali",2018,"MLIR7HFL"
"2:AW",0.380163203792617,20,1,"AW",3," ","Mali",2018,"MLIR7HFL"
"2:GP",2.68458336165082,20,1,"GP",9,"2:GP","Mali",2018,"MLIR7HFL"
"2:GW",9.20231315376359,20,1,"GW",13,"2:GW","Mali",2018,"MLIR7HFL"
"2:PW",6.08231774419226,20,1,"PW",11,"2:PW","Mali",2018,"MLIR7HFL"
"3:AGP",0.523315335902919,20,1,"AGP",4," ","Mali",2018,"MLIR7HFL"
"3:AGW",0.34216759640858,20,1,"AGW",2," ","Mali",2018,"MLIR7HFL"
"3:APW",1.21619975380481,20,1,"APW",7," ","Mali",2018,"MLIR7HFL"
"3:GPW",3.65187250026693,20,1,"GPW",10,"3:GPW","Mali",2018,"MLIR7HFL"
"4:AGPW",0.695450650395446,20,1,"AGPW",5," ","Mali",2018,"MLIR7HFL"
"0",75.174128659838,30,1,"",0,"0","Mali",2018,"MLIR7HFL"
"1:G",7.27814675963581,30,1,"G",2,"1:G","Mali",2018,"MLIR7HFL"
"1:W",11.986339911601,30,1,"W",3,"1:W","Mali",2018,"MLIR7HFL"
"2:GW",5.56138466892518,30,1,"GW",1,"2:GW","Mali",2018,"MLIR7HFL"
"0",21.7829938494882,10,1,"",0,"0","Nigeria",2013,"NGIR6AFL"
"1:E",0.792653498283493,10,1,"E",2," ","Nigeria",2013,"NGIR6AFL"
"1:G",4.77670118917733,10,1,"G",10,"1:G","Nigeria",2013,"NGIR6AFL"
"1:P",10.6538607404658,10,1,"P",13,"1:P","Nigeria",2013,"NGIR6AFL"
"1:W",9.06113708827369,10,1,"W",12,"1:W","Nigeria",2013,"NGIR6AFL"
"2:EG",0.905780551023436,10,1,"EG",3," ","Nigeria",2013,"NGIR6AFL"
"2:EP",0.792117627372602,10,1,"EP",1," ","Nigeria",2013,"NGIR6AFL"
"2:EW",2.62515119551561,10,1,"EW",6,"2:EW","Nigeria",2013,"NGIR6AFL"
"2:GP",2.38316197123705,10,1,"GP",5," ","Nigeria",2013,"NGIR6AFL"
"2:GW",4.33154360477749,10,1,"GW",9,"2:GW","Nigeria",2013,"NGIR6AFL"
"2:PW",6.07043286148716,10,1,"PW",11,"2:PW","Nigeria",2013,"NGIR6AFL"
"3:EGP",1.30813662523119,10,1,"EGP",4," ","Nigeria",2013,"NGIR6AFL"
"3:EGW",12.6474575948142,10,1,"EGW",14,"3:EGW","Nigeria",2013,"NGIR6AFL"
"3:EPW",2.92374973028708,10,1,"EPW",7,"3:EPW","Nigeria",2013,"NGIR6AFL"
"3:GPW",3.12368407578803,10,1,"GPW",8,"3:GPW","Nigeria",2013,"NGIR6AFL"
"4:EGPW",15.8214377967777,10,1,"EGPW",15,"4:EGPW","Nigeria",2013,"NGIR6AFL"
"0",37.5622307420167,20,1,"",0,"0","Nigeria",2013,"NGIR6AFL"
"1:E",2.67257461702656,20,1,"E",8,"1:E","Nigeria",2013,"NGIR6AFL"
"1:G",8.83288382235205,20,1,"G",14,"1:G","Nigeria",2013,"NGIR6AFL"
"1:P",4.64798645781704,20,1,"P",12,"1:P","Nigeria",2013,"NGIR6AFL"
"1:W",4.26451399273851,20,1,"W",11,"1:W","Nigeria",2013,"NGIR6AFL"
"2:EG",3.86529395636041,20,1,"EG",10,"2:EG","Nigeria",2013,"NGIR6AFL"
"2:EP",1.29228254268463,20,1,"EP",4," ","Nigeria",2013,"NGIR6AFL"
"2:EW",2.13546210963361,20,1,"EW",6," ","Nigeria",2013,"NGIR6AFL"
"2:GP",1.47224234754553,20,1,"GP",5," ","Nigeria",2013,"NGIR6AFL"
"2:GW",3.39348734218227,20,1,"GW",9,"2:GW","Nigeria",2013,"NGIR6AFL"
"2:PW",1.0936933471425,20,1,"PW",3," ","Nigeria",2013,"NGIR6AFL"
"3:EGP",2.27167831740663,20,1,"EGP",7," ","Nigeria",2013,"NGIR6AFL"
"3:EGW",16.1191422599564,20,1,"EGW",15,"3:EGW","Nigeria",2013,"NGIR6AFL"
"3:EPW",1.03335278211398,20,1,"EPW",2," ","Nigeria",2013,"NGIR6AFL"
"3:GPW",0.916477328900058,20,1,"GPW",1," ","Nigeria",2013,"NGIR6AFL"
"4:EGPW",8.42669803412312,20,1,"EGPW",13,"4:EGPW","Nigeria",2013,"NGIR6AFL"
"0",42.2102171998338,30,1,"",0,"0","Nigeria",2013,"NGIR6AFL"
"1:E",3.9648571597112,30,1,"E",2,"1:E","Nigeria",2013,"NGIR6AFL"
"1:G",10.3051261698976,30,1,"G",6,"1:G","Nigeria",2013,"NGIR6AFL"
"1:W",5.35820733988102,30,1,"W",4,"1:W","Nigeria",2013,"NGIR6AFL"
"2:EG",6.13697227376704,30,1,"EG",5,"2:EG","Nigeria",2013,"NGIR6AFL"
"2:EW",3.16881489174759,30,1,"EW",1,"2:EW","Nigeria",2013,"NGIR6AFL"
"2:GW",4.30996467108232,30,1,"GW",3,"2:GW","Nigeria",2013,"NGIR6AFL"
"3:EGW",24.5458402940795,30,1,"EGW",7,"3:EGW","Nigeria",2013,"NGIR6AFL"
"0",23.0977173193236,10,1,"",0,"0","Nigeria",2018,"NGIR7AFL"
"1:A",6.14958032881997,10,1,"A",20,"1:A","Nigeria",2018,"NGIR7AFL"
"1:E",2.0353196770352,10,1,"E",10," ","Nigeria",2018,"NGIR7AFL"
"1:G",13.2798182749536,10,1,"G",23,"1:G","Nigeria",2018,"NGIR7AFL"
"1:P",2.57058270274717,10,1,"P",12,"1:P","Nigeria",2018,"NGIR7AFL"
"1:W",2.96111900570018,10,1,"W",15,"1:W","Nigeria",2018,"NGIR7AFL"
"2:AE",0.168572383921266,10,1,"AE",1," ","Nigeria",2018,"NGIR7AFL"
"2:AG",5.34235079947762,10,1,"AG",19,"2:AG","Nigeria",2018,"NGIR7AFL"
"2:AW",1.15088682674569,10,1,"AW",7," ","Nigeria",2018,"NGIR7AFL"
"2:EG",3.21071959756972,10,1,"EG",16,"2:EG","Nigeria",2018,"NGIR7AFL"
"2:EP",0.94071543055556,10,1,"EP",5," ","Nigeria",2018,"NGIR7AFL"
"2:EW",1.95010846056956,10,1,"EW",9," ","Nigeria",2018,"NGIR7AFL"
"2:GP",2.95000532123811,10,1,"GP",14,"2:GP","Nigeria",2018,"NGIR7AFL"
"2:GW",3.24791512596294,10,1,"GW",17,"2:GW","Nigeria",2018,"NGIR7AFL"
"2:PW",0.714930541215255,10,1,"PW",3," ","Nigeria",2018,"NGIR7AFL"
"3:AEG",0.968510468807131,10,1,"AEG",6," ","Nigeria",2018,"NGIR7AFL"
"3:AEW",0.389081990532852,10,1,"AEW",2," ","Nigeria",2018,"NGIR7AFL"
"3:AGW",2.33989529794648,10,1,"AGW",11," ","Nigeria",2018,"NGIR7AFL"
"3:EGP",2.77979108036249,10,1,"EGP",13,"3:EGP","Nigeria",2018,"NGIR7AFL"
"3:EGW",9.7791613266531,10,1,"EGW",22,"3:EGW","Nigeria",2018,"NGIR7AFL"
"3:EPW",0.905052658426149,10,1,"EPW",4," ","Nigeria",2018,"NGIR7AFL"
"3:GPW",1.27762917092491,10,1,"GPW",8," ","Nigeria",2018,"NGIR7AFL"
"4:AEGW",3.69215128281225,10,1,"AEGW",18,"4:AEGW","Nigeria",2018,"NGIR7AFL"
"4:EGPW",8.09838492769917,10,1,"EGPW",21,"4:EGPW","Nigeria",2018,"NGIR7AFL"
"0",36.3775355942772,20,1,"",0,"0","Nigeria",2018,"NGIR7AFL"
"1:A",11.4919311282976,20,1,"A",10,"1:A","Nigeria",2018,"NGIR7AFL"
"1:E",5.24603927460492,20,1,"E",6,"1:E","Nigeria",2018,"NGIR7AFL"
"1:P",5.52058802398528,20,1,"P",7,"1:P","Nigeria",2018,"NGIR7AFL"
"1:W",6.20903413166312,20,1,"W",8,"1:W","Nigeria",2018,"NGIR7AFL"
"2:AE",1.1370828527284,20,1,"AE",1," ","Nigeria",2018,"NGIR7AFL"
"2:AW",3.49078212469217,20,1,"AW",3,"2:AW","Nigeria",2018,"NGIR7AFL"
"2:EP",3.72050651091805,20,1,"EP",4,"2:EP","Nigeria",2018,"NGIR7AFL"
"2:EW",11.7292697872227,20,1,"EW",11,"2:EW","Nigeria",2018,"NGIR7AFL"
"2:PW",1.99255971214016,20,1,"PW",2," ","Nigeria",2018,"NGIR7AFL"
"3:AEW",4.08123327334511,20,1,"AEW",5,"3:AEW","Nigeria",2018,"NGIR7AFL"
"3:EPW",9.00343758612532,20,1,"EPW",9,"3:EPW","Nigeria",2018,"NGIR7AFL"
"0",61.5623676622546,30,1,"",0,"0","Nigeria",2018,"NGIR7AFL"
"1:E",21.168107139429,30,1,"E",3,"1:E","Nigeria",2018,"NGIR7AFL"
"1:W",3.52006305280094,30,1,"W",1,"1:W","Nigeria",2018,"NGIR7AFL"
"2:EW",13.7494621455155,30,1,"EW",2,"2:EW","Nigeria",2018,"NGIR7AFL"
"0",21.392769148821,10,1,"",0,"0","Sierra Leone",2013,"SLIR61FL"
"1:A",2.15385414695648,10,1,"A",6," ","Sierra Leone",2013,"SLIR61FL"
"1:E",6.42445327981624,10,1,"E",11,"1:E","Sierra Leone",2013,"SLIR61FL"
"1:P",1.81190886874464,10,1,"P",5," ","Sierra Leone",2013,"SLIR61FL"
"1:W",13.0030867925562,10,1,"W",13,"1:W","Sierra Leone",2013,"SLIR61FL"
"2:AE",1.7601961057045,10,1,"AE",4," ","Sierra Leone",2013,"SLIR61FL"
"2:AP",2.41680202390349,10,1,"AP",7," ","Sierra Leone",2013,"SLIR61FL"
"2:AW",0.45090899019199,10,1,"AW",1," ","Sierra Leone",2013,"SLIR61FL"
"2:EP",3.24985725312051,10,1,"EP",8,"2:EP","Sierra Leone",2013,"SLIR61FL"
"2:EW",13.7433764249393,10,1,"EW",15,"2:EW","Sierra Leone",2013,"SLIR61FL"
"2:PW",1.67696754220229,10,1,"PW",3," ","Sierra Leone",2013,"SLIR61FL"
"3:AEP",5.10737387825421,10,1,"AEP",10,"3:AEP","Sierra Leone",2013,"SLIR61FL"
"3:AEW",3.36091472187051,10,1,"AEW",9,"3:AEW","Sierra Leone",2013,"SLIR61FL"
"3:APW",1.30517156139226,10,1,"APW",2," ","Sierra Leone",2013,"SLIR61FL"
"3:EPW",8.88141879304745,10,1,"EPW",12,"3:EPW","Sierra Leone",2013,"SLIR61FL"
"4:AEPW",13.2609404684789,10,1,"AEPW",14,"4:AEPW","Sierra Leone",2013,"SLIR61FL"
"0",30.6273428791905,20,1,"",0,"0","Sierra Leone",2013,"SLIR61FL"
"1:A",0.6262042430908,20,1,"A",4," ","Sierra Leone",2013,"SLIR61FL"
"1:E",16.7898276613446,20,1,"E",15,"1:E","Sierra Leone",2013,"SLIR61FL"
"1:P",2.2163773795251,20,1,"P",8," ","Sierra Leone",2013,"SLIR61FL"
"1:W",8.8935614333151,20,1,"W",13,"1:W","Sierra Leone",2013,"SLIR61FL"
"2:AE",0.860787063987413,20,1,"AE",6," ","Sierra Leone",2013,"SLIR61FL"
"2:AP",0.757754856435835,20,1,"AP",5," ","Sierra Leone",2013,"SLIR61FL"
"2:AW",0.0554717917643975,20,1,"AW",1," ","Sierra Leone",2013,"SLIR61FL"
"2:EP",8.66647870852697,20,1,"EP",11,"2:EP","Sierra Leone",2013,"SLIR61FL"
"2:EW",14.9911796583535,20,1,"EW",14,"2:EW","Sierra Leone",2013,"SLIR61FL"
"2:PW",0.899193511639762,20,1,"PW",7," ","Sierra Leone",2013,"SLIR61FL"
"3:AEP",2.62191057394936,20,1,"AEP",10,"3:AEP","Sierra Leone",2013,"SLIR61FL"
"3:AEW",0.585257166291477,20,1,"AEW",3," ","Sierra Leone",2013,"SLIR61FL"
"3:APW",0.135562979806891,20,1,"APW",2," ","Sierra Leone",2013,"SLIR61FL"
"3:EPW",8.84537193239875,20,1,"EPW",12,"3:EPW","Sierra Leone",2013,"SLIR61FL"
"4:AEPW",2.4277181603796,20,1,"AEPW",9," ","Sierra Leone",2013,"SLIR61FL"
"0",100,30,1,"",0,"0","Sierra Leone",2013,"SLIR61FL"
"0",32.3433948359972,10,1,"",0,"0","Sierra Leone",2019,"SLIR7AFL"
"1:A",1.22466270893058,10,1,"A",14," ","Sierra Leone",2019,"SLIR7AFL"
"1:E",7.35748001593046,10,1,"E",29,"1:E","Sierra Leone",2019,"SLIR7AFL"
"1:G",4.31324546271616,10,1,"G",26,"1:G","Sierra Leone",2019,"SLIR7AFL"
"1:P",2.45470259116624,10,1,"P",23," ","Sierra Leone",2019,"SLIR7AFL"
"1:W",7.66344933866892,10,1,"W",31,"1:W","Sierra Leone",2019,"SLIR7AFL"
"2:AE",1.14836316108238,10,1,"AE",13," ","Sierra Leone",2019,"SLIR7AFL"
"2:AG",0.0506789438954629,10,1,"AG",3," ","Sierra Leone",2019,"SLIR7AFL"
"2:AP",1.44561905790425,10,1,"AP",17," ","Sierra Leone",2019,"SLIR7AFL"
"2:AW",0.109691995626608,10,1,"AW",4," ","Sierra Leone",2019,"SLIR7AFL"
"2:EG",1.55167666300765,10,1,"EG",19," ","Sierra Leone",2019,"SLIR7AFL"
"2:EP",5.06793847584241,10,1,"EP",27,"2:EP","Sierra Leone",2019,"SLIR7AFL"
"2:EW",7.53965845436414,10,1,"EW",30,"2:EW","Sierra Leone",2019,"SLIR7AFL"
"2:GP",0.365966983398619,10,1,"GP",9," ","Sierra Leone",2019,"SLIR7AFL"
"2:GW",1.84556427305964,10,1,"GW",21," ","Sierra Leone",2019,"SLIR7AFL"
"2:PW",1.51199293511159,10,1,"PW",18," ","Sierra Leone",2019,"SLIR7AFL"
"3:AEG",0.180757692368357,10,1,"AEG",5," ","Sierra Leone",2019,"SLIR7AFL"
"3:AEP",4.08801301269866,10,1,"AEP",24,"3:AEP","Sierra Leone",2019,"SLIR7AFL"
"3:AEW",1.29754465705314,10,1,"AEW",15," ","Sierra Leone",2019,"SLIR7AFL"
"3:AGP",0.286494191794092,10,1,"AGP",8," ","Sierra Leone",2019,"SLIR7AFL"
"3:AGW",0.00712411044664104,10,1,"AGW",1," ","Sierra Leone",2019,"SLIR7AFL"
"3:APW",0.595400017575497,10,1,"APW",10," ","Sierra Leone",2019,"SLIR7AFL"
"3:EGP",1.31394951714111,10,1,"EGP",16," ","Sierra Leone",2019,"SLIR7AFL"
"3:EGW",2.03077741666457,10,1,"EGW",22," ","Sierra Leone",2019,"SLIR7AFL"
"3:EPW",5.81028598407367,10,1,"EPW",28,"3:EPW","Sierra Leone",2019,"SLIR7AFL"
"3:GPW",0.264158736049892,10,1,"GPW",7," ","Sierra Leone",2019,"SLIR7AFL"
"4:AEGP",1.04515763626901,10,1,"AEGP",12," ","Sierra Leone",2019,"SLIR7AFL"
"4:AEGW",0.190590952584831,10,1,"AEGW",6," ","Sierra Leone",2019,"SLIR7AFL"
"4:AEPW",4.23689192745494,10,1,"AEPW",25,"4:AEPW","Sierra Leone",2019,"SLIR7AFL"
"4:AGPW",0.047990154982753,10,1,"AGPW",2," ","Sierra Leone",2019,"SLIR7AFL"
"4:EGPW",1.71442029411183,10,1,"EGPW",20," ","Sierra Leone",2019,"SLIR7AFL"
"5:AEGPW",0.896357802028761,10,1,"AEGPW",11," ","Sierra Leone",2019,"SLIR7AFL"
"0",82.3980477299261,20,1,"",0,"0","Sierra Leone",2019,"SLIR7AFL"
"1:A",4.40050073125245,20,1,"A",2,"1:A","Sierra Leone",2019,"SLIR7AFL"
"1:P",9.33442158628079,20,1,"P",3,"1:P","Sierra Leone",2019,"SLIR7AFL"
"2:AP",3.86702995254062,20,1,"AP",1,"2:AP","Sierra Leone",2019,"SLIR7AFL"
"0",100,30,1,"",0,"0","Sierra Leone",2019,"SLIR7AFL"
"0",29.2021001833836,10,1,"",0,"0","Tanzania",2015,"TZIR7BFL"
"1:A",1.79247284571992,10,1,"A",22," ","Tanzania",2015,"TZIR7BFL"
"1:E",4.63955689927386,10,1,"E",26,"1:E","Tanzania",2015,"TZIR7BFL"
"1:G",10.1712676645002,10,1,"G",31,"1:G","Tanzania",2015,"TZIR7BFL"
"1:P",10.1647582871524,10,1,"P",30,"1:P","Tanzania",2015,"TZIR7BFL"
"1:W",3.15225297373466,10,1,"W",25,"1:W","Tanzania",2015,"TZIR7BFL"
"2:AE",0.132140170200947,10,1,"AE",4," ","Tanzania",2015,"TZIR7BFL"
"2:AG",1.20949674963426,10,1,"AG",16," ","Tanzania",2015,"TZIR7BFL"
"2:AP",9.59041969294085,10,1,"AP",29,"2:AP","Tanzania",2015,"TZIR7BFL"
"2:AW",0.553791262712147,10,1,"AW",10," ","Tanzania",2015,"TZIR7BFL"
"2:EG",1.58394287461608,10,1,"EG",18," ","Tanzania",2015,"TZIR7BFL"
"2:EP",2.02007123983709,10,1,"EP",23," ","Tanzania",2015,"TZIR7BFL"
"2:EW",1.77812142104252,10,1,"EW",21," ","Tanzania",2015,"TZIR7BFL"
"2:GP",5.50519285481056,10,1,"GP",28,"2:GP","Tanzania",2015,"TZIR7BFL"
"2:GW",2.13588480068037,10,1,"GW",24," ","Tanzania",2015,"TZIR7BFL"
"2:PW",1.64041243583246,10,1,"PW",19," ","Tanzania",2015,"TZIR7BFL"
"3:AEG",0.123024860397377,10,1,"AEG",3," ","Tanzania",2015,"TZIR7BFL"
"3:AEP",0.331835111916979,10,1,"AEP",8," ","Tanzania",2015,"TZIR7BFL"
"3:AEW",0.195492876290676,10,1,"AEW",6," ","Tanzania",2015,"TZIR7BFL"
"3:AGP",4.82528131484965,10,1,"AGP",27,"3:AGP","Tanzania",2015,"TZIR7BFL"
"3:AGW",0.485644323249638,10,1,"AGW",9," ","Tanzania",2015,"TZIR7BFL"
"3:APW",1.0005062101607,10,1,"APW",12," ","Tanzania",2015,"TZIR7BFL"
"3:EGP",1.68370272674964,10,1,"EGP",20," ","Tanzania",2015,"TZIR7BFL"
"3:EGW",1.06960519243829,10,1,"EGW",14," ","Tanzania",2015,"TZIR7BFL"
"3:EPW",1.04300541861239,10,1,"EPW",13," ","Tanzania",2015,"TZIR7BFL"
"3:GPW",1.40934708860625,10,1,"GPW",17," ","Tanzania",2015,"TZIR7BFL"
"4:AEGP",0.0947338684218497,10,1,"AEGP",1," ","Tanzania",2015,"TZIR7BFL"
"4:AEGW",0.10040451518118,10,1,"AEGW",2," ","Tanzania",2015,"TZIR7BFL"
"4:AEPW",0.198576790051468,10,1,"AEPW",7," ","Tanzania",2015,"TZIR7BFL"
"4:AGPW",1.10711414007886,10,1,"AGPW",15," ","Tanzania",2015,"TZIR7BFL"
"4:EGPW",0.90743168894023,10,1,"EGPW",11," ","Tanzania",2015,"TZIR7BFL"
"5:AEGPW",0.15241151798292,10,1,"AEGPW",5," ","Tanzania",2015,"TZIR7BFL"
"0",51.9958297880346,20,1,"",0,"0","Tanzania",2015,"TZIR7BFL"
"1:A",13.6866085090468,20,1,"A",7,"1:A","Tanzania",2015,"TZIR7BFL"
"1:G",12.9747629422888,20,1,"G",6,"1:G","Tanzania",2015,"TZIR7BFL"
"1:W",10.0726858841276,20,1,"W",5,"1:W","Tanzania",2015,"TZIR7BFL"
"2:AG",4.41279610503507,20,1,"AG",4,"2:AG","Tanzania",2015,"TZIR7BFL"
"2:AW",2.66265304970583,20,1,"AW",2,"2:AW","Tanzania",2015,"TZIR7BFL"
"2:GW",3.06337513575954,20,1,"GW",3,"2:GW","Tanzania",2015,"TZIR7BFL"
"3:AGW",1.13128858600176,20,1,"AGW",1," ","Tanzania",2015,"TZIR7BFL"
"0",82.0269147359844,30,1,"",0,"0","Tanzania",2015,"TZIR7BFL"
"1:G",17.9730852640156,30,1,"G",1,"1:G","Tanzania",2015,"TZIR7BFL"
"0",24.405309333315,10,1,"",0,"0","Togo",2013,"TGIR61FL"
"1:A",2.42368408080113,10,1,"A",22," ","Togo",2013,"TGIR61FL"
"1:E",4.31866299679348,10,1,"E",25,"1:E","Togo",2013,"TGIR61FL"
"1:G",11.4260428742904,10,1,"G",31,"1:G","Togo",2013,"TGIR61FL"
"1:P",5.17616667835313,10,1,"P",27,"1:P","Togo",2013,"TGIR61FL"
"1:W",4.62778436140069,10,1,"W",26,"1:W","Togo",2013,"TGIR61FL"
"2:AE",1.11005293575804,10,1,"AE",14," ","Togo",2013,"TGIR61FL"
"2:AG",1.22674437180969,10,1,"AG",15," ","Togo",2013,"TGIR61FL"
"2:AP",1.03314218585557,10,1,"AP",13," ","Togo",2013,"TGIR61FL"
"2:AW",0.507913202524658,10,1,"AW",6," ","Togo",2013,"TGIR61FL"
"2:EG",5.19799103516487,10,1,"EG",28,"2:EG","Togo",2013,"TGIR61FL"
"2:EP",1.55416011428174,10,1,"EP",17," ","Togo",2013,"TGIR61FL"
"2:EW",2.51681145537803,10,1,"EW",23,"2:EW","Togo",2013,"TGIR61FL"
"2:GP",3.01398594468885,10,1,"GP",24,"2:GP","Togo",2013,"TGIR61FL"
"2:GW",9.26720179256644,10,1,"GW",30,"2:GW","Togo",2013,"TGIR61FL"
"2:PW",0.966843587983918,10,1,"PW",11," ","Togo",2013,"TGIR61FL"
"3:AEG",1.32243059662941,10,1,"AEG",16," ","Togo",2013,"TGIR61FL"
"3:AEP",0.356748179546022,10,1,"AEP",5," ","Togo",2013,"TGIR61FL"
"3:AEW",0.607590524440473,10,1,"AEW",7," ","Togo",2013,"TGIR61FL"
"3:AGP",0.61850295073664,10,1,"AGP",9," ","Togo",2013,"TGIR61FL"
"3:AGW",1.01724750211342,10,1,"AGW",12," ","Togo",2013,"TGIR61FL"
"3:APW",0.151794938598291,10,1,"APW",1," ","Togo",2013,"TGIR61FL"
"3:EGP",1.68754283746098,10,1,"EGP",18," ","Togo",2013,"TGIR61FL"
"3:EGW",7.17187792682295,10,1,"EGW",29,"3:EGW","Togo",2013,"TGIR61FL"
"3:EPW",0.795331887536831,10,1,"EPW",10," ","Togo",2013,"TGIR61FL"
"3:GPW",2.03316653374617,10,1,"GPW",20," ","Togo",2013,"TGIR61FL"
"4:AEGP",0.292605267355213,10,1,"AEGP",3," ","Togo",2013,"TGIR61FL"
"4:AEGW",1.83176877807476,10,1,"AEGW",19," ","Togo",2013,"TGIR61FL"
"4:AEPW",0.237756078908778,10,1,"AEPW",2," ","Togo",2013,"TGIR61FL"
"4:AGPW",0.329832873303827,10,1,"AGPW",4," ","Togo",2013,"TGIR61FL"
"4:EGPW",2.16468420415957,10,1,"EGPW",21," ","Togo",2013,"TGIR61FL"
"5:AEGPW",0.608621969600991,10,1,"AEGPW",8," ","Togo",2013,"TGIR61FL"
"0",64.4277451795859,20,1,"",0,"0","Togo",2013,"TGIR61FL"
"1:E",24.4841480895706,20,1,"E",3,"1:E","Togo",2013,"TGIR61FL"
"1:G",3.797618032502,20,1,"G",1,"1:G","Togo",2013,"TGIR61FL"
"2:EG",7.29048869834153,20,1,"EG",2,"2:EG","Togo",2013,"TGIR61FL"
"0",88.9118932691565,30,1,"",0,"0","Togo",2013,"TGIR61FL"
"1:G",11.0881067308435,30,1,"G",1,"1:G","Togo",2013,"TGIR61FL"
"0",42.3315253081547,10,1,"",0,"0","Uganda",2016,"UGIR7BFL"
"1:A",17.4164208721478,10,1,"A",15,"1:A","Uganda",2016,"UGIR7BFL"
"1:E",3.46525504029837,10,1,"E",10,"1:E","Uganda",2016,"UGIR7BFL"
"1:G",11.3169654833435,10,1,"G",14,"1:G","Uganda",2016,"UGIR7BFL"
"1:W",4.09410151001474,10,1,"W",11,"1:W","Uganda",2016,"UGIR7BFL"
"2:AE",1.08109401135045,10,1,"AE",6," ","Uganda",2016,"UGIR7BFL"
"2:AG",5.42364543210084,10,1,"AG",13,"2:AG","Uganda",2016,"UGIR7BFL"
"2:AW",1.81511710367667,10,1,"AW",7," ","Uganda",2016,"UGIR7BFL"
"2:EG",1.05960404617652,10,1,"EG",5," ","Uganda",2016,"UGIR7BFL"
"2:EW",0.814510922390966,10,1,"EW",4," ","Uganda",2016,"UGIR7BFL"
"2:GW",5.30772179783239,10,1,"GW",12,"2:GW","Uganda",2016,"UGIR7BFL"
"3:AEG",0.361372156299212,10,1,"AEG",2," ","Uganda",2016,"UGIR7BFL"
"3:AEW",0.206791594984359,10,1,"AEW",1," ","Uganda",2016,"UGIR7BFL"
"3:AGW",2.66938245661402,10,1,"AGW",9,"3:AGW","Uganda",2016,"UGIR7BFL"
"3:EGW",2.04834809099185,10,1,"EGW",8," ","Uganda",2016,"UGIR7BFL"
"4:AEGW",0.588144173623574,10,1,"AEGW",3," ","Uganda",2016,"UGIR7BFL"
"0",72.6828277428558,20,1,"",0,"0","Uganda",2016,"UGIR7BFL"
"1:E",5.53243201900582,20,1,"E",6,"1:E","Uganda",2016,"UGIR7BFL"
"1:G",3.80572935289109,20,1,"G",5,"1:G","Uganda",2016,"UGIR7BFL"
"1:W",11.136592736002,20,1,"W",7,"1:W","Uganda",2016,"UGIR7BFL"
"2:EG",0.434893235118735,20,1,"EG",1," ","Uganda",2016,"UGIR7BFL"
"2:EW",1.93703094645847,20,1,"EW",3," ","Uganda",2016,"UGIR7BFL"
"2:GW",2.74973013213587,20,1,"GW",4,"2:GW","Uganda",2016,"UGIR7BFL"
"3:EGW",1.72076383553228,20,1,"EGW",2," ","Uganda",2016,"UGIR7BFL"
"0",91.288883444322,30,1,"",0,"0","Uganda",2016,"UGIR7BFL"
"1:G",8.71111655567798,30,1,"G",1,"1:G","Uganda",2016,"UGIR7BFL"
"0",35.2233400979066,10,1,"",0,"0","Zambia",2013,"ZMIR61FL"
"1:A",2.36136060724354,10,1,"A",30," ","Zambia",2013,"ZMIR61FL"
"1:E",2.25478709770458,10,1,"E",29," ","Zambia",2013,"ZMIR61FL"
"1:G",5.92730157551917,10,1,"G",34,"1:G","Zambia",2013,"ZMIR61FL"
"1:P",5.45219078128581,10,1,"P",33,"1:P","Zambia",2013,"ZMIR61FL"
"1:W",12.2035469317675,10,1,"W",37,"1:W","Zambia",2013,"ZMIR61FL"
"2:AE",0.0234449632752454,10,1,"AE",8," ","Zambia",2013,"ZMIR61FL"
"2:AG",0.424263406303187,10,1,"AG",22," ","Zambia",2013,"ZMIR61FL"
"2:AP",10.4934253828625,10,1,"AP",36,"2:AP","Zambia",2013,"ZMIR61FL"
"2:AW",1.36569222789915,10,1,"AW",25," ","Zambia",2013,"ZMIR61FL"
"2:EG",0.321749460390359,10,1,"EG",19," ","Zambia",2013,"ZMIR61FL"
"2:EP",0.0773295091484931,10,1,"EP",15," ","Zambia",2013,"ZMIR61FL"
"2:EW",3.18125452785013,10,1,"EW",32,"2:EW","Zambia",2013,"ZMIR61FL"
"2:GP",0.678530660986042,10,1,"GP",23," ","Zambia",2013,"ZMIR61FL"
"2:GW",9.68879464518161,10,1,"GW",35,"2:GW","Zambia",2013,"ZMIR61FL"
"2:PW",0.384587902861201,10,1,"PW",21," ","Zambia",2013,"ZMIR61FL"
"3:AEG",0.00404347076191223,10,1,"AEG",2," ","Zambia",2013,"ZMIR61FL"
"3:AEP",0.104800966767734,10,1,"AEP",18," ","Zambia",2013,"ZMIR61FL"
"3:AEW",0.0950144883818931,10,1,"AEW",16," ","Zambia",2013,"ZMIR61FL"
"3:AGP",1.74391997611323,10,1,"AGP",26," ","Zambia",2013,"ZMIR61FL"
"3:AGW",0.800610056510871,10,1,"AGW",24," ","Zambia",2013,"ZMIR61FL"
"3:APW",2.6366453010286,10,1,"APW",31,"3:APW","Zambia",2013,"ZMIR61FL"
"3:EGP",0.027236133755807,10,1,"EGP",9," ","Zambia",2013,"ZMIR61FL"
"3:EGW",1.94819523252647,10,1,"EGW",28," ","Zambia",2013,"ZMIR61FL"
"3:EPW",0.0963340910610211,10,1,"EPW",17," ","Zambia",2013,"ZMIR61FL"
"3:GPW",0.334792406933648,10,1,"GPW",20," ","Zambia",2013,"ZMIR61FL"
"4:AEGP",0.0111612330960402,10,1,"AEGP",6," ","Zambia",2013,"ZMIR61FL"
"4:AEGW",0.0573673926746387,10,1,"AEGW",12," ","Zambia",2013,"ZMIR61FL"
"4:AEPW",0.068603215983069,10,1,"AEPW",14," ","Zambia",2013,"ZMIR61FL"
"4:AGPW",1.82925341539241,10,1,"AGPW",27," ","Zambia",2013,"ZMIR61FL"
"4:EGPW",0.0597652477239046,10,1,"EGPW",13," ","Zambia",2013,"ZMIR61FL"
"5:AEGPW",0.0499464373662524,10,1,"AEGPW",11," ","Zambia",2013,"ZMIR61FL"
"NAANAPW",0.00646750337448412,10,1,"ANAPW",4," ","Zambia",2013,"ZMIR61FL"
"NAANAW",0.0136280175205661,10,1,"ANAW",7," ","Zambia",2013,"ZMIR61FL"
"NANA",0.00872225319231619,10,1,"NA",5," ","Zambia",2013,"ZMIR61FL"
"NANAG",0.00483626825992956,10,1,"NAG",3," ","Zambia",2013,"ZMIR61FL"
"NANAGP",0.00229918342854596,10,1,"NAGP",1," ","Zambia",2013,"ZMIR61FL"
"NANAW",0.0347579299615745,10,1,"NAW",10," ","Zambia",2013,"ZMIR61FL"
"0",51.576441806284,20,1,"",0,"0","Zambia",2013,"ZMIR61FL"
"1:A",3.51709975908788,20,1,"A",15,"1:A","Zambia",2013,"ZMIR61FL"
"1:G",5.53731037619659,20,1,"G",17,"1:G","Zambia",2013,"ZMIR61FL"
"1:P",6.26896394758271,20,1,"P",18,"1:P","Zambia",2013,"ZMIR61FL"
"1:W",9.82704467593257,20,1,"W",19,"1:W","Zambia",2013,"ZMIR61FL"
"2:AG",0.360059391987114,20,1,"AG",9," ","Zambia",2013,"ZMIR61FL"
"2:AP",13.4476295344085,20,1,"AP",20,"2:AP","Zambia",2013,"ZMIR61FL"
"2:AW",0.929381365862099,20,1,"AW",12," ","Zambia",2013,"ZMIR61FL"
"2:GP",0.381646918214601,20,1,"GP",10," ","Zambia",2013,"ZMIR61FL"
"2:GW",3.80817271043321,20,1,"GW",16,"2:GW","Zambia",2013,"ZMIR61FL"
"2:PW",0.344724677772854,20,1,"PW",8," ","Zambia",2013,"ZMIR61FL"
"3:AGP",1.42043792176567,20,1,"AGP",14," ","Zambia",2013,"ZMIR61FL"
"3:AGW",0.325256096113339,20,1,"AGW",7," ","Zambia",2013,"ZMIR61FL"
"3:APW",1.41748305009235,20,1,"APW",13," ","Zambia",2013,"ZMIR61FL"
"3:GPW",0.115431190185764,20,1,"GPW",6," ","Zambia",2013,"ZMIR61FL"
"4:AGPW",0.652205422343344,20,1,"AGPW",11," ","Zambia",2013,"ZMIR61FL"
"NAANA",0.0136280175205661,20,1,"ANA",4," ","Zambia",2013,"ZMIR61FL"
"NAANAP",0.00646750337448412,20,1,"ANAP",3," ","Zambia",2013,"ZMIR61FL"
"NANA",0.0434801831538907,20,1,"NA",5," ","Zambia",2013,"ZMIR61FL"
"NANAG",0.00483626825992956,20,1,"NAG",2," ","Zambia",2013,"ZMIR61FL"
"NANAP",0.00229918342854597,20,1,"NAP",1," ","Zambia",2013,"ZMIR61FL"
"0",70.7489695688464,30,1,"",0,"0","Zambia",2013,"ZMIR61FL"
"1:A",5.13179661305044,30,1,"A",5,"1:A","Zambia",2013,"ZMIR61FL"
"1:P",7.11076673375593,30,1,"P",6,"1:P","Zambia",2013,"ZMIR61FL"
"2:AP",16.9377559286098,30,1,"AP",7,"2:AP","Zambia",2013,"ZMIR61FL"
"NAANA",0.0136280175205661,30,1,"ANA",3," ","Zambia",2013,"ZMIR61FL"
"NAANAP",0.00646750337448412,30,1,"ANAP",2," ","Zambia",2013,"ZMIR61FL"
"NANA",0.0483164514138202,30,1,"NA",4," ","Zambia",2013,"ZMIR61FL"
"NANAP",0.00229918342854596,30,1,"NAP",1," ","Zambia",2013,"ZMIR61FL"
"0",44.0030375894439,10,1,"",0,"0","Zambia",2018,"ZMIR71FL"
"1:A",3.09835182114331,10,1,"A",25,"1:A","Zambia",2018,"ZMIR71FL"
"1:E",3.09839636546877,10,1,"E",26,"1:E","Zambia",2018,"ZMIR71FL"
"1:G",8.63372145197784,10,1,"G",30,"1:G","Zambia",2018,"ZMIR71FL"
"1:P",6.67335431514501,10,1,"P",29,"1:P","Zambia",2018,"ZMIR71FL"
"1:W",6.10758693464904,10,1,"W",28,"1:W","Zambia",2018,"ZMIR71FL"
"2:AE",0.0729112262425225,10,1,"AE",6," ","Zambia",2018,"ZMIR71FL"
"2:AG",0.706977123739697,10,1,"AG",17," ","Zambia",2018,"ZMIR71FL"
"2:AP",11.5405121518177,10,1,"AP",31,"2:AP","Zambia",2018,"ZMIR71FL"
"2:AW",0.775655462420741,10,1,"AW",19," ","Zambia",2018,"ZMIR71FL"
"2:EG",0.725591433628983,10,1,"EG",18," ","Zambia",2018,"ZMIR71FL"
"2:EP",0.100655975442378,10,1,"EP",10," ","Zambia",2018,"ZMIR71FL"
"2:EW",1.54430423034219,10,1,"EW",23," ","Zambia",2018,"ZMIR71FL"
"2:GP",0.703592398138383,10,1,"GP",16," ","Zambia",2018,"ZMIR71FL"
"2:GW",4.59686517920244,10,1,"GW",27,"2:GW","Zambia",2018,"ZMIR71FL"
"2:PW",0.145538231186074,10,1,"PW",12," ","Zambia",2018,"ZMIR71FL"
"3:AEG",0.0283775855716533,10,1,"AEG",3," ","Zambia",2018,"ZMIR71FL"
"3:AEP",0.165460741042887,10,1,"AEP",13," ","Zambia",2018,"ZMIR71FL"
"3:AEW",0.0652758830496112,10,1,"AEW",5," ","Zambia",2018,"ZMIR71FL"
"3:AGP",2.50800407793996,10,1,"AGP",24,"3:AGP","Zambia",2018,"ZMIR71FL"
"3:AGW",0.466635588359982,10,1,"AGW",15," ","Zambia",2018,"ZMIR71FL"
"3:APW",1.00942813857502,10,1,"APW",20," ","Zambia",2018,"ZMIR71FL"
"3:EGP",0.0186132355634711,10,1,"EGP",1," ","Zambia",2018,"ZMIR71FL"
"3:EGW",1.41110900883739,10,1,"EGW",22," ","Zambia",2018,"ZMIR71FL"
"3:EPW",0.0201999855590001,10,1,"EPW",2," ","Zambia",2018,"ZMIR71FL"
"3:GPW",0.230036280594483,10,1,"GPW",14," ","Zambia",2018,"ZMIR71FL"
"4:AEGP",0.0782533296288932,10,1,"AEGP",8," ","Zambia",2018,"ZMIR71FL"
"4:AEGW",0.0747649863989647,10,1,"AEGW",7," ","Zambia",2018,"ZMIR71FL"
"4:AEPW",0.144920113808777,10,1,"AEPW",11," ","Zambia",2018,"ZMIR71FL"
"4:AGPW",1.1010245582856,10,1,"AGPW",21," ","Zambia",2018,"ZMIR71FL"
"4:EGPW",0.0609016668309069,10,1,"EGPW",4," ","Zambia",2018,"ZMIR71FL"
"5:AEGPW",0.0899429299644236,10,1,"AEGPW",9," ","Zambia",2018,"ZMIR71FL"
"0",70.1206121935506,20,1,"",0,"0","Zambia",2018,"ZMIR71FL"
"1:A",5.28894967692648,20,1,"A",1,"1:A","Zambia",2018,"ZMIR71FL"
"1:P",7.95289208845971,20,1,"P",2,"1:P","Zambia",2018,"ZMIR71FL"
"2:AP",16.6375460410632,20,1,"AP",3,"2:AP","Zambia",2018,"ZMIR71FL"
"0",75.4095618704771,30,1,"",0,"0","Zambia",2018,"ZMIR71FL"
"1:P",24.5904381295229,30,1,"P",1,"1:P","Zambia",2018,"ZMIR71FL"
"0",59.9958789226417,10,1,"",0,"0","Zimbabwe",2010,"ZWIR62FL"
"1:A",3.68585125999822,10,1,"A",5,"1:A","Zimbabwe",2010,"ZWIR62FL"
"1:G",2.95351612963546,10,1,"G",4,"1:G","Zimbabwe",2010,"ZWIR62FL"
"1:P",15.0821444072659,10,1,"P",6,"1:P","Zimbabwe",2010,"ZWIR62FL"
"2:AG",0.26407478236269,10,1,"AG",1," ","Zimbabwe",2010,"ZWIR62FL"
"2:AP",16.1390389352627,10,1,"AP",7,"2:AP","Zimbabwe",2010,"ZWIR62FL"
"2:GP",0.761454703277725,10,1,"GP",2," ","Zimbabwe",2010,"ZWIR62FL"
"3:AGP",1.11804085955561,10,1,"AGP",3," ","Zimbabwe",2010,"ZWIR62FL"
"0",69.6034101468079,20,1,"",0,"0","Zimbabwe",2010,"ZWIR62FL"
"1:A",3.94992604236091,20,1,"A",1,"1:A","Zimbabwe",2010,"ZWIR62FL"
"1:P",9.18958401601289,20,1,"P",2,"1:P","Zimbabwe",2010,"ZWIR62FL"
"2:AP",17.2570797948183,20,1,"AP",3,"2:AP","Zimbabwe",2010,"ZWIR62FL"
"0",73.5533361891688,30,1,"",0,"0","Zimbabwe",2010,"ZWIR62FL"
"1:P",26.4466638108312,30,1,"P",1,"1:P","Zimbabwe",2010,"ZWIR62FL"
"0",62.8147529639674,10,1,"",0,"0","Zimbabwe",2015,"ZWIR71FL"
"1:A",3.71058485928797,10,1,"A",4,"1:A","Zimbabwe",2015,"ZWIR71FL"
"1:E",0.771649072368958,10,1,"E",3," ","Zimbabwe",2015,"ZWIR71FL"
"1:P",13.877094071074,10,1,"P",5,"1:P","Zimbabwe",2015,"ZWIR71FL"
"2:AP",18.3333259333668,10,1,"AP",6,"2:AP","Zimbabwe",2015,"ZWIR71FL"
"2:EP",0.450771934607277,10,1,"EP",2," ","Zimbabwe",2015,"ZWIR71FL"
"3:AEP",0.0418211653276166,10,1,"AEP",1," ","Zimbabwe",2015,"ZWIR71FL"
"0",73.4191531058145,20,1,"",0,"0","Zimbabwe",2015,"ZWIR71FL"
"1:P",26.5808468941855,20,1,"P",1,"1:P","Zimbabwe",2015,"ZWIR71FL"
"0",73.4191531058145,30,1,"",0,"0","Zimbabwe",2015,"ZWIR71FL"
"1:P",26.5808468941855,30,1,"P",1,"1:P","Zimbabwe",2015,"ZWIR71FL"
