"Var1","Freq","National","below10","below20","below30","Labels","Group","Country","Year","Survey"
"1",21.2660252877946,22.4324677928477,0,0,0,"Alibori","Geography","Benin",2011,"BJIR61FL"
"2",19.9084358851334,22.4324677928477,1,0,0,"Atacora","Geography","Benin",2011,"BJIR61FL"
"3",15.2991048619036,22.4324677928477,1,1,1,"Atlantique","Geography","Benin",2011,"BJIR61FL"
"4",27.6646776772552,22.4324677928477,0,0,0,"Borgou","Geography","Benin",2011,"BJIR61FL"
"5",24.7951293200195,22.4324677928477,0,0,0,"Collines","Geography","Benin",2011,"BJIR61FL"
"6",29.2491249887107,22.4324677928477,0,0,0,"Couffo","Geography","Benin",2011,"BJIR61FL"
"7",21.6527085390086,22.4324677928477,0,0,0,"Donga","Geography","Benin",2011,"BJIR61FL"
"8",33.2938774532802,22.4324677928477,0,0,0,"Littoral","Geography","Benin",2011,"BJIR61FL"
"9",9.90673564425575,22.4324677928477,1,1,1,"Mono","Geography","Benin",2011,"BJIR61FL"
"10",16.5486484818227,22.4324677928477,1,1,0,"Ouémé","Geography","Benin",2011,"BJIR61FL"
"11",21.4806311827576,22.4324677928477,0,0,0,"Plateau","Geography","Benin",2011,"BJIR61FL"
"12",20.1654945727271,22.4324677928477,1,0,0,"Zou","Geography","Benin",2011,"BJIR61FL"
"1",15.2043457808386,22.4324677928477,1,1,1,"Poorest","Wealth","Benin",2011,"BJIR61FL"
"2",18.4225168593656,22.4324677928477,1,0,0,"Poorer","Wealth","Benin",2011,"BJIR61FL"
"3",21.7742571184216,22.4324677928477,0,0,0,"Middle","Wealth","Benin",2011,"BJIR61FL"
"4",22.0478874949844,22.4324677928477,0,0,0,"Richer","Wealth","Benin",2011,"BJIR61FL"
"5",30.6416651616603,22.4324677928477,0,0,0,"Richest","Wealth","Benin",2011,"BJIR61FL"
"0",16.2855876501469,22.4324677928477,1,1,0,"None","Education","Benin",2011,"BJIR61FL"
"1",25.7818221314532,22.4324677928477,0,0,0,"Primary","Education","Benin",2011,"BJIR61FL"
"2",37.0622828000009,22.4324677928477,0,0,0,"Secondary","Education","Benin",2011,"BJIR61FL"
"3",34.3339249595497,22.4324677928477,0,0,0,"Higher","Education","Benin",2011,"BJIR61FL"
"1",35.5922407549616,22.4324677928477,0,0,0,"Age 15-19","Age","Benin",2011,"BJIR61FL"
"2",22.9402112101321,22.4324677928477,0,0,0,"Age 20-24","Age","Benin",2011,"BJIR61FL"
"3",20.1990306990231,22.4324677928477,0,0,0,"Age 25-29","Age","Benin",2011,"BJIR61FL"
"4",17.4085486525672,22.4324677928477,1,1,0,"Age 30-34","Age","Benin",2011,"BJIR61FL"
"5",20.4566889816138,22.4324677928477,0,0,0,"Age 35-39","Age","Benin",2011,"BJIR61FL"
"6",21.7193490415576,22.4324677928477,0,0,0,"Age 40-44","Age","Benin",2011,"BJIR61FL"
"7",26.4691932810298,22.4324677928477,0,0,0,"Age 45-49","Age","Benin",2011,"BJIR61FL"
"0",40.9432267757282,22.4324677928477,0,0,0,"Parity 0","Parity","Benin",2011,"BJIR61FL"
"1",21.815635843938,22.4324677928477,0,0,0,"Parity 1","Parity","Benin",2011,"BJIR61FL"
"2",17.8818754077961,22.4324677928477,1,1,0,"Parity 2","Parity","Benin",2011,"BJIR61FL"
"3",19.5593101194107,22.4324677928477,1,0,0,"Parity 3","Parity","Benin",2011,"BJIR61FL"
"4",16.2277429257103,22.4324677928477,1,1,0,"Parity 4","Parity","Benin",2011,"BJIR61FL"
"5",16.3669124458371,22.4324677928477,1,1,0,"Parity 5","Parity","Benin",2011,"BJIR61FL"
"6",19.811998924562,22.4324677928477,1,0,0,"Parity 6+","Parity","Benin",2011,"BJIR61FL"
"1",35.7068309487055,28.8331280427693,0,0,0,"Alibori","Geography","Benin",2017,"BJIR71FL"
"2",30.0697256530241,28.8331280427693,0,0,0,"Atacora","Geography","Benin",2017,"BJIR71FL"
"3",27.2296217397618,28.8331280427693,0,0,0,"Atlantic","Geography","Benin",2017,"BJIR71FL"
"4",31.8485632154407,28.8331280427693,0,0,0,"Borgou","Geography","Benin",2017,"BJIR71FL"
"5",32.368605575239,28.8331280427693,0,0,0,"Collines","Geography","Benin",2017,"BJIR71FL"
"6",12.3467172351976,28.8331280427693,1,1,1,"Couffo","Geography","Benin",2017,"BJIR71FL"
"7",15.0655443544007,28.8331280427693,1,1,1,"Donga","Geography","Benin",2017,"BJIR71FL"
"8",36.7508590109364,28.8331280427693,0,0,0,"Littoral","Geography","Benin",2017,"BJIR71FL"
"9",35.8357922260921,28.8331280427693,0,0,0,"Mono","Geography","Benin",2017,"BJIR71FL"
"10",28.9443804441198,28.8331280427693,0,0,0,"Ouémé","Geography","Benin",2017,"BJIR71FL"
"11",13.7965800879118,28.8331280427693,1,1,1,"Plateau","Geography","Benin",2017,"BJIR71FL"
"12",30.1305615994348,28.8331280427693,0,0,0,"Zou","Geography","Benin",2017,"BJIR71FL"
"1",24.5646228486768,28.8331280427693,1,0,0,"Poorest","Wealth","Benin",2017,"BJIR71FL"
"2",24.2400184179702,28.8331280427693,1,0,0,"Poorer","Wealth","Benin",2017,"BJIR71FL"
"3",27.4655055857143,28.8331280427693,0,0,0,"Middle","Wealth","Benin",2017,"BJIR71FL"
"4",29.1860520679831,28.8331280427693,0,0,0,"Richer","Wealth","Benin",2017,"BJIR71FL"
"5",35.4608205776218,28.8331280427693,0,0,0,"Richest","Wealth","Benin",2017,"BJIR71FL"
"0",25.2809826088263,28.8331280427693,1,0,0,"None","Education","Benin",2017,"BJIR71FL"
"1",29.06628187118,28.8331280427693,0,0,0,"Primary","Education","Benin",2017,"BJIR71FL"
"2",35.0304084842979,28.8331280427693,0,0,0,"Secondary","Education","Benin",2017,"BJIR71FL"
"3",50.1406709023207,28.8331280427693,0,0,0,"Higher","Education","Benin",2017,"BJIR71FL"
"1",25.8477881937639,28.8331280427693,1,0,0,"Age 15-19","Age","Benin",2017,"BJIR71FL"
"2",27.6063701510304,28.8331280427693,0,0,0,"Age 20-24","Age","Benin",2017,"BJIR71FL"
"3",27.8096362874639,28.8331280427693,0,0,0,"Age 25-29","Age","Benin",2017,"BJIR71FL"
"4",31.6342180580197,28.8331280427693,0,0,0,"Age 30-34","Age","Benin",2017,"BJIR71FL"
"5",28.5565409636122,28.8331280427693,0,0,0,"Age 35-39","Age","Benin",2017,"BJIR71FL"
"6",31.1586337217856,28.8331280427693,0,0,0,"Age 40-44","Age","Benin",2017,"BJIR71FL"
"7",31.6294400651065,28.8331280427693,0,0,0,"Age 45-49","Age","Benin",2017,"BJIR71FL"
"0",36.4989436426418,28.8331280427693,0,0,0,"Parity 0","Parity","Benin",2017,"BJIR71FL"
"1",25.9510991040536,28.8331280427693,0,0,0,"Parity 1","Parity","Benin",2017,"BJIR71FL"
"2",24.1871701551079,28.8331280427693,1,0,0,"Parity 2","Parity","Benin",2017,"BJIR71FL"
"3",25.9630298977995,28.8331280427693,0,0,0,"Parity 3","Parity","Benin",2017,"BJIR71FL"
"4",31.2103753884674,28.8331280427693,0,0,0,"Parity 4","Parity","Benin",2017,"BJIR71FL"
"5",31.2033183321156,28.8331280427693,0,0,0,"Parity 5","Parity","Benin",2017,"BJIR71FL"
"6",28.4649536399159,28.8331280427693,0,0,0,"Parity 6+","Parity","Benin",2017,"BJIR71FL"
"1",36.1352597489617,39.3629895870958,0,0,0,"Adamaoua","Geography","Cameroon",2011,"CMIR61FL"
"2",41.2746137610156,39.3629895870958,0,0,0,"Centre","Geography","Cameroon",2011,"CMIR61FL"
"3",48.7211787527503,39.3629895870958,0,0,0,"Douala","Geography","Cameroon",2011,"CMIR61FL"
"4",26.9267318826717,39.3629895870958,1,1,1,"Est","Geography","Cameroon",2011,"CMIR61FL"
"5",15.0997280363676,39.3629895870958,1,1,1,"Extrême-Nord","Geography","Cameroon",2011,"CMIR61FL"
"6",34.8422982866551,39.3629895870958,1,0,0,"Littoral","Geography","Cameroon",2011,"CMIR61FL"
"7",15.0341011676324,39.3629895870958,1,1,1,"Nord","Geography","Cameroon",2011,"CMIR61FL"
"8",45.636511145573,39.3629895870958,0,0,0,"Nord-Ouest","Geography","Cameroon",2011,"CMIR61FL"
"9",44.1646432940685,39.3629895870958,0,0,0,"Ouest","Geography","Cameroon",2011,"CMIR61FL"
"10",47.9279607801582,39.3629895870958,0,0,0,"Sud","Geography","Cameroon",2011,"CMIR61FL"
"11",45.5914110908011,39.3629895870958,0,0,0,"Sud-Ouest","Geography","Cameroon",2011,"CMIR61FL"
"12",49.9745076013,39.3629895870958,0,0,0,"Yaoundé","Geography","Cameroon",2011,"CMIR61FL"
"1",10.5014909489756,39.3629895870958,1,1,1,"Poorest","Wealth","Cameroon",2011,"CMIR61FL"
"2",25.9676925123096,39.3629895870958,1,1,1,"Poorer","Wealth","Cameroon",2011,"CMIR61FL"
"3",34.8180190672167,39.3629895870958,1,0,0,"Middle","Wealth","Cameroon",2011,"CMIR61FL"
"4",45.7354833499948,39.3629895870958,0,0,0,"Richer","Wealth","Cameroon",2011,"CMIR61FL"
"5",53.2408575711438,39.3629895870958,0,0,0,"Richest","Wealth","Cameroon",2011,"CMIR61FL"
"0",11.5505157559763,39.3629895870958,1,1,1,"None","Education","Cameroon",2011,"CMIR61FL"
"1",30.3114175686367,39.3629895870958,1,1,0,"Primary","Education","Cameroon",2011,"CMIR61FL"
"2",49.4336864949277,39.3629895870958,0,0,0,"Secondary","Education","Cameroon",2011,"CMIR61FL"
"3",62.9110571674487,39.3629895870958,0,0,0,"Higher","Education","Cameroon",2011,"CMIR61FL"
"1",47.1346885040059,39.3629895870958,0,0,0,"Age 15-19","Age","Cameroon",2011,"CMIR61FL"
"2",46.3404970780423,39.3629895870958,0,0,0,"Age 20-24","Age","Cameroon",2011,"CMIR61FL"
"3",40.2374144069563,39.3629895870958,0,0,0,"Age 25-29","Age","Cameroon",2011,"CMIR61FL"
"4",33.9549133240138,39.3629895870958,1,0,0,"Age 30-34","Age","Cameroon",2011,"CMIR61FL"
"5",33.4305846404628,39.3629895870958,1,0,0,"Age 35-39","Age","Cameroon",2011,"CMIR61FL"
"6",28.6037094401142,39.3629895870958,1,1,0,"Age 40-44","Age","Cameroon",2011,"CMIR61FL"
"7",30.22396216637,39.3629895870958,1,1,0,"Age 45-49","Age","Cameroon",2011,"CMIR61FL"
"0",65.5973218471404,39.3629895870958,0,0,0,"Parity 0","Parity","Cameroon",2011,"CMIR61FL"
"1",44.7898589890579,39.3629895870958,0,0,0,"Parity 1","Parity","Cameroon",2011,"CMIR61FL"
"2",38.1190927653031,39.3629895870958,0,0,0,"Parity 2","Parity","Cameroon",2011,"CMIR61FL"
"3",31.4407643702427,39.3629895870958,1,1,0,"Parity 3","Parity","Cameroon",2011,"CMIR61FL"
"4",30.6415031323246,39.3629895870958,1,1,0,"Parity 4","Parity","Cameroon",2011,"CMIR61FL"
"5",33.3396134560861,39.3629895870958,1,0,0,"Parity 5","Parity","Cameroon",2011,"CMIR61FL"
"6",22.2778744512324,39.3629895870958,1,1,1,"Parity 6+","Parity","Cameroon",2011,"CMIR61FL"
"1",19.7287824206259,44.0820073029133,1,1,1,"Adamawa","Geography","Cameroon",2018,"CMIR71FL"
"2",49.8460865825036,44.0820073029133,0,0,0,"Centre (Without Yaounde)","Geography","Cameroon",2018,"CMIR71FL"
"3",48.0181801545863,44.0820073029133,0,0,0,"Douala","Geography","Cameroon",2018,"CMIR71FL"
"4",55.8262786228537,44.0820073029133,0,0,0,"East","Geography","Cameroon",2018,"CMIR71FL"
"5",28.2154229284563,44.0820073029133,1,1,1,"Far-North","Geography","Cameroon",2018,"CMIR71FL"
"6",35.8819067519689,44.0820073029133,1,0,0,"Littoral (Without Douala)","Geography","Cameroon",2018,"CMIR71FL"
"7",28.0405163148875,44.0820073029133,1,1,1,"North","Geography","Cameroon",2018,"CMIR71FL"
"8",48.6406836703805,44.0820073029133,0,0,0,"North-West","Geography","Cameroon",2018,"CMIR71FL"
"9",46.6660530904641,44.0820073029133,0,0,0,"West","Geography","Cameroon",2018,"CMIR71FL"
"10",34.1302816931836,44.0820073029133,1,1,0,"South","Geography","Cameroon",2018,"CMIR71FL"
"11",51.0338857500725,44.0820073029133,0,0,0,"South-West","Geography","Cameroon",2018,"CMIR71FL"
"12",55.7922336322141,44.0820073029133,0,0,0,"Yaounde","Geography","Cameroon",2018,"CMIR71FL"
"1",19.8596981590381,44.0820073029133,1,1,1,"Poorest","Wealth","Cameroon",2018,"CMIR71FL"
"2",35.8609395958767,44.0820073029133,1,0,0,"Poorer","Wealth","Cameroon",2018,"CMIR71FL"
"3",44.0256721554595,44.0820073029133,0,0,0,"Middle","Wealth","Cameroon",2018,"CMIR71FL"
"4",48.9679194478482,44.0820073029133,0,0,0,"Richer","Wealth","Cameroon",2018,"CMIR71FL"
"5",55.06848904547,44.0820073029133,0,0,0,"Richest","Wealth","Cameroon",2018,"CMIR71FL"
"0",15.0130055239741,44.0820073029133,1,1,1,"None","Education","Cameroon",2018,"CMIR71FL"
"1",41.673726874423,44.0820073029133,0,0,0,"Primary","Education","Cameroon",2018,"CMIR71FL"
"2",50.4444904849552,44.0820073029133,0,0,0,"Secondary","Education","Cameroon",2018,"CMIR71FL"
"3",57.1663932549144,44.0820073029133,0,0,0,"Higher","Education","Cameroon",2018,"CMIR71FL"
"1",45.1803435842769,44.0820073029133,0,0,0,"Age 15-19","Age","Cameroon",2018,"CMIR71FL"
"2",51.1030675395312,44.0820073029133,0,0,0,"Age 20-24","Age","Cameroon",2018,"CMIR71FL"
"3",45.1533309394807,44.0820073029133,0,0,0,"Age 25-29","Age","Cameroon",2018,"CMIR71FL"
"4",45.5129691159627,44.0820073029133,0,0,0,"Age 30-34","Age","Cameroon",2018,"CMIR71FL"
"5",38.3937501191087,44.0820073029133,1,0,0,"Age 35-39","Age","Cameroon",2018,"CMIR71FL"
"6",32.7799849438673,44.0820073029133,1,1,0,"Age 40-44","Age","Cameroon",2018,"CMIR71FL"
"7",32.8297812773047,44.0820073029133,1,1,0,"Age 45-49","Age","Cameroon",2018,"CMIR71FL"
"0",60.2976305486485,44.0820073029133,0,0,0,"Parity 0","Parity","Cameroon",2018,"CMIR71FL"
"1",44.5515439609456,44.0820073029133,0,0,0,"Parity 1","Parity","Cameroon",2018,"CMIR71FL"
"2",45.2258043066902,44.0820073029133,0,0,0,"Parity 2","Parity","Cameroon",2018,"CMIR71FL"
"3",45.8572216018009,44.0820073029133,0,0,0,"Parity 3","Parity","Cameroon",2018,"CMIR71FL"
"4",41.0263053939268,44.0820073029133,0,0,0,"Parity 4","Parity","Cameroon",2018,"CMIR71FL"
"5",35.8385777707625,44.0820073029133,1,0,0,"Parity 5","Parity","Cameroon",2018,"CMIR71FL"
"6",31.8131687346653,44.0820073029133,1,1,0,"Parity 6+","Parity","Cameroon",2018,"CMIR71FL"
"1",30.2683940123831,19.4748609579453,0,0,0,"Kinshasa","Geography","Congo Democratic Republic",2013,"CDIR61FL"
"2",19.2490827176869,19.4748609579453,0,0,0,"Bandundu","Geography","Congo Democratic Republic",2013,"CDIR61FL"
"3",27.3382482056024,19.4748609579453,0,0,0,"Bas-Congo","Geography","Congo Democratic Republic",2013,"CDIR61FL"
"4",9.31891881161003,19.4748609579453,1,1,1,"Equateur","Geography","Congo Democratic Republic",2013,"CDIR61FL"
"5",14.1069723177733,19.4748609579453,1,1,0,"Kasai-Occidental","Geography","Congo Democratic Republic",2013,"CDIR61FL"
"6",11.8691346093113,19.4748609579453,1,1,1,"Kasai-Oriental","Geography","Congo Democratic Republic",2013,"CDIR61FL"
"7",11.6700690894393,19.4748609579453,1,1,1,"Katanga","Geography","Congo Democratic Republic",2013,"CDIR61FL"
"8",18.0977839391109,19.4748609579453,0,0,0,"Maniema","Geography","Congo Democratic Republic",2013,"CDIR61FL"
"9",26.829335365552,19.4748609579453,0,0,0,"Nord-Kivu","Geography","Congo Democratic Republic",2013,"CDIR61FL"
"10",16.0968039397284,19.4748609579453,1,0,0,"Orientale","Geography","Congo Democratic Republic",2013,"CDIR61FL"
"11",31.9275193438388,19.4748609579453,0,0,0,"Sud-Kivu","Geography","Congo Democratic Republic",2013,"CDIR61FL"
"1",9.55809553971716,19.4748609579453,1,1,1,"Poorest","Wealth","Congo Democratic Republic",2013,"CDIR61FL"
"2",12.6236696021298,19.4748609579453,1,1,1,"Poorer","Wealth","Congo Democratic Republic",2013,"CDIR61FL"
"3",12.2292295628275,19.4748609579453,1,1,1,"Middle","Wealth","Congo Democratic Republic",2013,"CDIR61FL"
"4",25.5931377201354,19.4748609579453,0,0,0,"Richer","Wealth","Congo Democratic Republic",2013,"CDIR61FL"
"5",30.720012565434,19.4748609579453,0,0,0,"Richest","Wealth","Congo Democratic Republic",2013,"CDIR61FL"
"0",11.7266711371525,19.4748609579453,1,1,1,"None","Education","Congo Democratic Republic",2013,"CDIR61FL"
"1",12.5996030044113,19.4748609579453,1,1,1,"Primary","Education","Congo Democratic Republic",2013,"CDIR61FL"
"2",24.799585044499,19.4748609579453,0,0,0,"Secondary","Education","Congo Democratic Republic",2013,"CDIR61FL"
"3",39.9660498395124,19.4748609579453,0,0,0,"Higher","Education","Congo Democratic Republic",2013,"CDIR61FL"
"1",19.2299503569765,19.4748609579453,0,0,0,"Age 15-19","Age","Congo Democratic Republic",2013,"CDIR61FL"
"2",22.3127697284244,19.4748609579453,0,0,0,"Age 20-24","Age","Congo Democratic Republic",2013,"CDIR61FL"
"3",18.0998713973186,19.4748609579453,0,0,0,"Age 25-29","Age","Congo Democratic Republic",2013,"CDIR61FL"
"4",19.968780084889,19.4748609579453,0,0,0,"Age 30-34","Age","Congo Democratic Republic",2013,"CDIR61FL"
"5",18.144100534139,19.4748609579453,0,0,0,"Age 35-39","Age","Congo Democratic Republic",2013,"CDIR61FL"
"6",16.8681154011011,19.4748609579453,1,0,0,"Age 40-44","Age","Congo Democratic Republic",2013,"CDIR61FL"
"7",20.1663141235366,19.4748609579453,0,0,0,"Age 45-49","Age","Congo Democratic Republic",2013,"CDIR61FL"
"0",30.6767418221277,19.4748609579453,0,0,0,"Parity 0","Parity","Congo Democratic Republic",2013,"CDIR61FL"
"1",19.4083857262151,19.4748609579453,0,0,0,"Parity 1","Parity","Congo Democratic Republic",2013,"CDIR61FL"
"2",18.8374489140986,19.4748609579453,0,0,0,"Parity 2","Parity","Congo Democratic Republic",2013,"CDIR61FL"
"3",19.7651005466114,19.4748609579453,0,0,0,"Parity 3","Parity","Congo Democratic Republic",2013,"CDIR61FL"
"4",16.8558512276229,19.4748609579453,1,0,0,"Parity 4","Parity","Congo Democratic Republic",2013,"CDIR61FL"
"5",16.0194142424179,19.4748609579453,1,0,0,"Parity 5","Parity","Congo Democratic Republic",2013,"CDIR61FL"
"6",15.586580786252,19.4748609579453,1,0,0,"Parity 6+","Parity","Congo Democratic Republic",2013,"CDIR61FL"
"1",50.8514584855907,50.78598312421,0,0,0,"Tigray","Geography","Ethiopia",2011,"ETIR61FL"
"2",37.9219070528876,50.78598312421,1,1,0,"Affar","Geography","Ethiopia",2011,"ETIR61FL"
"3",58.2217238233233,50.78598312421,0,0,0,"Amhara","Geography","Ethiopia",2011,"ETIR61FL"
"4",44.3447621820468,50.78598312421,1,0,0,"Oromiya","Geography","Ethiopia",2011,"ETIR61FL"
"5",14.9263550134149,50.78598312421,1,1,1,"Somali","Geography","Ethiopia",2011,"ETIR61FL"
"6",51.2288643310149,50.78598312421,0,0,0,"Benishangul-Gumuz","Geography","Ethiopia",2011,"ETIR61FL"
"7",48.1872676096346,50.78598312421,0,0,0,"Snnp","Geography","Ethiopia",2011,"ETIR61FL"
"12",69.8634441235212,50.78598312421,0,0,0,"Gambela","Geography","Ethiopia",2011,"ETIR61FL"
"13",54.0440054118578,50.78598312421,0,0,0,"Harari","Geography","Ethiopia",2011,"ETIR61FL"
"14",75.9999105961879,50.78598312421,0,0,0,"Addis Ababa","Geography","Ethiopia",2011,"ETIR61FL"
"15",57.4440198129106,50.78598312421,0,0,0,"Dire Dawa","Geography","Ethiopia",2011,"ETIR61FL"
"1",30.4554431929157,50.78598312421,1,1,1,"Poorest","Wealth","Ethiopia",2011,"ETIR61FL"
"2",44.277448895324,50.78598312421,1,0,0,"Poorer","Wealth","Ethiopia",2011,"ETIR61FL"
"3",45.7137677839858,50.78598312421,0,0,0,"Middle","Wealth","Ethiopia",2011,"ETIR61FL"
"4",51.5366753672517,50.78598312421,0,0,0,"Richer","Wealth","Ethiopia",2011,"ETIR61FL"
"5",72.0872722135953,50.78598312421,0,0,0,"Richest","Wealth","Ethiopia",2011,"ETIR61FL"
"0",44.6863043686767,50.78598312421,1,0,0,"None","Education","Ethiopia",2011,"ETIR61FL"
"1",54.7909885449972,50.78598312421,0,0,0,"Primary","Education","Ethiopia",2011,"ETIR61FL"
"2",74.8225525719272,50.78598312421,0,0,0,"Secondary","Education","Ethiopia",2011,"ETIR61FL"
"3",74.3678444756056,50.78598312421,0,0,0,"Higher","Education","Ethiopia",2011,"ETIR61FL"
"1",42.7302093180749,50.78598312421,1,0,0,"Age 15-19","Age","Ethiopia",2011,"ETIR61FL"
"2",58.1382469579685,50.78598312421,0,0,0,"Age 20-24","Age","Ethiopia",2011,"ETIR61FL"
"3",50.9035389183285,50.78598312421,0,0,0,"Age 25-29","Age","Ethiopia",2011,"ETIR61FL"
"4",52.2931302503192,50.78598312421,0,0,0,"Age 30-34","Age","Ethiopia",2011,"ETIR61FL"
"5",50.7759629285531,50.78598312421,0,0,0,"Age 35-39","Age","Ethiopia",2011,"ETIR61FL"
"6",42.0270494057842,50.78598312421,1,0,0,"Age 40-44","Age","Ethiopia",2011,"ETIR61FL"
"7",46.423916913179,50.78598312421,0,0,0,"Age 45-49","Age","Ethiopia",2011,"ETIR61FL"
"0",54.5458922324615,50.78598312421,0,0,0,"Parity 0","Parity","Ethiopia",2011,"ETIR61FL"
"1",60.2992325311569,50.78598312421,0,0,0,"Parity 1","Parity","Ethiopia",2011,"ETIR61FL"
"2",63.1105170856689,50.78598312421,0,0,0,"Parity 2","Parity","Ethiopia",2011,"ETIR61FL"
"3",56.0827897046304,50.78598312421,0,0,0,"Parity 3","Parity","Ethiopia",2011,"ETIR61FL"
"4",49.0047571457597,50.78598312421,0,0,0,"Parity 4","Parity","Ethiopia",2011,"ETIR61FL"
"5",47.5109392989553,50.78598312421,0,0,0,"Parity 5","Parity","Ethiopia",2011,"ETIR61FL"
"6",37.3803347053549,50.78598312421,1,1,0,"Parity 6+","Parity","Ethiopia",2011,"ETIR61FL"
"1",67.6891660345286,61.3510007705926,0,0,0,"Tigray","Geography","Ethiopia",2016,"ETIR70FL"
"2",43.2021287160544,61.3510007705926,1,1,0,"Afar","Geography","Ethiopia",2016,"ETIR70FL"
"3",73.4130027286174,61.3510007705926,0,0,0,"Amhara","Geography","Ethiopia",2016,"ETIR70FL"
"4",49.3450505099189,61.3510007705926,1,0,0,"Oromia","Geography","Ethiopia",2016,"ETIR70FL"
"5",9.50909152888212,61.3510007705926,1,1,1,"Somali","Geography","Ethiopia",2016,"ETIR70FL"
"6",58.3249904484109,61.3510007705926,0,0,0,"Benishangul","Geography","Ethiopia",2016,"ETIR70FL"
"7",65.1488867675639,61.3510007705926,0,0,0,"Snnpr","Geography","Ethiopia",2016,"ETIR70FL"
"8",61.7090638235096,61.3510007705926,0,0,0,"Gambela","Geography","Ethiopia",2016,"ETIR70FL"
"9",58.7792753940153,61.3510007705926,0,0,0,"Harari","Geography","Ethiopia",2016,"ETIR70FL"
"10",75.1173935613948,61.3510007705926,0,0,0,"Addis Adaba","Geography","Ethiopia",2016,"ETIR70FL"
"11",60.0641712902966,61.3510007705926,0,0,0,"Dire Dawa","Geography","Ethiopia",2016,"ETIR70FL"
"1",43.4145901835068,61.3510007705926,1,1,0,"Poorest","Wealth","Ethiopia",2016,"ETIR70FL"
"2",53.3699982687126,61.3510007705926,1,0,0,"Poorer","Wealth","Ethiopia",2016,"ETIR70FL"
"3",60.6709127701116,61.3510007705926,0,0,0,"Middle","Wealth","Ethiopia",2016,"ETIR70FL"
"4",67.3199401343323,61.3510007705926,0,0,0,"Richer","Wealth","Ethiopia",2016,"ETIR70FL"
"5",75.0928111959984,61.3510007705926,0,0,0,"Richest","Wealth","Ethiopia",2016,"ETIR70FL"
"0",56.5025174622614,61.3510007705926,0,0,0,"None","Education","Ethiopia",2016,"ETIR70FL"
"1",64.1339049668175,61.3510007705926,0,0,0,"Primary","Education","Ethiopia",2016,"ETIR70FL"
"2",75.8466337598176,61.3510007705926,0,0,0,"Secondary","Education","Ethiopia",2016,"ETIR70FL"
"3",77.8261198500855,61.3510007705926,0,0,0,"Higher","Education","Ethiopia",2016,"ETIR70FL"
"1",60.692622851805,61.3510007705926,0,0,0,"Age 15-19","Age","Ethiopia",2016,"ETIR70FL"
"2",67.3739806438,61.3510007705926,0,0,0,"Age 20-24","Age","Ethiopia",2016,"ETIR70FL"
"3",65.4230706033055,61.3510007705926,0,0,0,"Age 25-29","Age","Ethiopia",2016,"ETIR70FL"
"4",60.5436989934947,61.3510007705926,0,0,0,"Age 30-34","Age","Ethiopia",2016,"ETIR70FL"
"5",54.8854947479655,61.3510007705926,1,0,0,"Age 35-39","Age","Ethiopia",2016,"ETIR70FL"
"6",57.4227333010719,61.3510007705926,0,0,0,"Age 40-44","Age","Ethiopia",2016,"ETIR70FL"
"7",53.5138992855405,61.3510007705926,1,0,0,"Age 45-49","Age","Ethiopia",2016,"ETIR70FL"
"0",68.465530062506,61.3510007705926,0,0,0,"Parity 0","Parity","Ethiopia",2016,"ETIR70FL"
"1",73.1817874960945,61.3510007705926,0,0,0,"Parity 1","Parity","Ethiopia",2016,"ETIR70FL"
"2",71.7226409183338,61.3510007705926,0,0,0,"Parity 2","Parity","Ethiopia",2016,"ETIR70FL"
"3",67.4726934441761,61.3510007705926,0,0,0,"Parity 3","Parity","Ethiopia",2016,"ETIR70FL"
"4",64.4157812290315,61.3510007705926,0,0,0,"Parity 4","Parity","Ethiopia",2016,"ETIR70FL"
"5",55.0206590767294,61.3510007705926,1,0,0,"Parity 5","Parity","Ethiopia",2016,"ETIR70FL"
"6",45.4562649041798,61.3510007705926,1,1,0,"Parity 6+","Parity","Ethiopia",2016,"ETIR70FL"
"1",45.4247705676323,41.1684511005167,0,0,0,"Western","Geography","Ghana",2014,"GHIR72FL"
"2",48.7544526941329,41.1684511005167,0,0,0,"Central","Geography","Ghana",2014,"GHIR72FL"
"3",37.4147170883601,41.1684511005167,0,0,0,"Greater Accra","Geography","Ghana",2014,"GHIR72FL"
"4",45.5253736123239,41.1684511005167,0,0,0,"Volta","Geography","Ghana",2014,"GHIR72FL"
"5",38.3507772570617,41.1684511005167,0,0,0,"Eastern","Geography","Ghana",2014,"GHIR72FL"
"6",36.0590590921409,41.1684511005167,1,0,0,"Ashanti","Geography","Ghana",2014,"GHIR72FL"
"7",48.1359670646844,41.1684511005167,0,0,0,"Brong Ahafo","Geography","Ghana",2014,"GHIR72FL"
"8",29.0329943600767,41.1684511005167,1,1,0,"Northern","Geography","Ghana",2014,"GHIR72FL"
"9",47.6771859105743,41.1684511005167,0,0,0,"Upper East","Geography","Ghana",2014,"GHIR72FL"
"10",47.8067104166669,41.1684511005167,0,0,0,"Upper West","Geography","Ghana",2014,"GHIR72FL"
"1",41.258087722699,41.1684511005167,0,0,0,"Poorest","Wealth","Ghana",2014,"GHIR72FL"
"2",43.1461758423063,41.1684511005167,0,0,0,"Poorer","Wealth","Ghana",2014,"GHIR72FL"
"3",45.1620487757123,41.1684511005167,0,0,0,"Middle","Wealth","Ghana",2014,"GHIR72FL"
"4",37.7155603553796,41.1684511005167,0,0,0,"Richer","Wealth","Ghana",2014,"GHIR72FL"
"5",38.9300406250713,41.1684511005167,0,0,0,"Richest","Wealth","Ghana",2014,"GHIR72FL"
"0",38.5598277760683,41.1684511005167,0,0,0,"None","Education","Ghana",2014,"GHIR72FL"
"1",44.8393414836766,41.1684511005167,0,0,0,"Primary","Education","Ghana",2014,"GHIR72FL"
"2",40.3216024344692,41.1684511005167,0,0,0,"Secondary","Education","Ghana",2014,"GHIR72FL"
"3",45.8159009526577,41.1684511005167,0,0,0,"Higher","Education","Ghana",2014,"GHIR72FL"
"1",31.0345553979836,41.1684511005167,1,1,0,"Age 15-19","Age","Ghana",2014,"GHIR72FL"
"2",42.990308952303,41.1684511005167,0,0,0,"Age 20-24","Age","Ghana",2014,"GHIR72FL"
"3",44.2420610724764,41.1684511005167,0,0,0,"Age 25-29","Age","Ghana",2014,"GHIR72FL"
"4",42.3502248157727,41.1684511005167,0,0,0,"Age 30-34","Age","Ghana",2014,"GHIR72FL"
"5",37.577840523861,41.1684511005167,0,0,0,"Age 35-39","Age","Ghana",2014,"GHIR72FL"
"6",39.0290065310317,41.1684511005167,0,0,0,"Age 40-44","Age","Ghana",2014,"GHIR72FL"
"7",50.1171529811591,41.1684511005167,0,0,0,"Age 45-49","Age","Ghana",2014,"GHIR72FL"
"0",40.0882203839736,41.1684511005167,0,0,0,"Parity 0","Parity","Ghana",2014,"GHIR72FL"
"1",38.0893448529878,41.1684511005167,0,0,0,"Parity 1","Parity","Ghana",2014,"GHIR72FL"
"2",42.1077774383383,41.1684511005167,0,0,0,"Parity 2","Parity","Ghana",2014,"GHIR72FL"
"3",44.9079999321581,41.1684511005167,0,0,0,"Parity 3","Parity","Ghana",2014,"GHIR72FL"
"4",43.9861768689319,41.1684511005167,0,0,0,"Parity 4","Parity","Ghana",2014,"GHIR72FL"
"5",37.5763548279957,41.1684511005167,0,0,0,"Parity 5","Parity","Ghana",2014,"GHIR72FL"
"6",40.6883169951332,41.1684511005167,0,0,0,"Parity 6+","Parity","Ghana",2014,"GHIR72FL"
"1",24.5252457702302,24.6028062315521,0,0,0,"Boké","Geography","Guinea",2012,"GNIR62FL"
"2",36.3043789593563,24.6028062315521,0,0,0,"Conakry","Geography","Guinea",2012,"GNIR62FL"
"3",19.2949920071755,24.6028062315521,1,1,0,"Faranah","Geography","Guinea",2012,"GNIR62FL"
"4",10.6852822305418,24.6028062315521,1,1,1,"Kankan","Geography","Guinea",2012,"GNIR62FL"
"5",22.1762237957173,24.6028062315521,0,0,0,"Kindia","Geography","Guinea",2012,"GNIR62FL"
"6",24.3995185805753,24.6028062315521,0,0,0,"Labé","Geography","Guinea",2012,"GNIR62FL"
"7",5.87583970814369,24.6028062315521,1,1,1,"Mamou","Geography","Guinea",2012,"GNIR62FL"
"8",27.2107239291601,24.6028062315521,0,0,0,"N'zérékoré","Geography","Guinea",2012,"GNIR62FL"
"1",13.9305710570598,24.6028062315521,1,1,1,"Poorest","Wealth","Guinea",2012,"GNIR62FL"
"2",15.1011519979821,24.6028062315521,1,1,1,"Poorer","Wealth","Guinea",2012,"GNIR62FL"
"3",19.0438834500483,24.6028062315521,1,1,0,"Middle","Wealth","Guinea",2012,"GNIR62FL"
"4",21.0517210344862,24.6028062315521,1,0,0,"Richer","Wealth","Guinea",2012,"GNIR62FL"
"5",41.4650441149066,24.6028062315521,0,0,0,"Richest","Wealth","Guinea",2012,"GNIR62FL"
"0",16.939748896119,24.6028062315521,1,1,1,"None","Education","Guinea",2012,"GNIR62FL"
"1",23.529926154723,24.6028062315521,0,0,0,"Primary","Education","Guinea",2012,"GNIR62FL"
"2",41.2581691843319,24.6028062315521,0,0,0,"Secondary","Education","Guinea",2012,"GNIR62FL"
"3",65.2593171031182,24.6028062315521,0,0,0,"Higher","Education","Guinea",2012,"GNIR62FL"
"1",21.5920544510515,24.6028062315521,1,0,0,"Age 15-19","Age","Guinea",2012,"GNIR62FL"
"2",31.741308730519,24.6028062315521,0,0,0,"Age 20-24","Age","Guinea",2012,"GNIR62FL"
"3",30.9118621216392,24.6028062315521,0,0,0,"Age 25-29","Age","Guinea",2012,"GNIR62FL"
"4",21.6790012397107,24.6028062315521,1,0,0,"Age 30-34","Age","Guinea",2012,"GNIR62FL"
"5",21.2380022337605,24.6028062315521,1,0,0,"Age 35-39","Age","Guinea",2012,"GNIR62FL"
"6",13.9979990654344,24.6028062315521,1,1,1,"Age 40-44","Age","Guinea",2012,"GNIR62FL"
"7",16.2010741629613,24.6028062315521,1,1,1,"Age 45-49","Age","Guinea",2012,"GNIR62FL"
"0",51.6679099870535,24.6028062315521,0,0,0,"Parity 0","Parity","Guinea",2012,"GNIR62FL"
"1",23.751151006868,24.6028062315521,0,0,0,"Parity 1","Parity","Guinea",2012,"GNIR62FL"
"2",25.7359113044421,24.6028062315521,0,0,0,"Parity 2","Parity","Guinea",2012,"GNIR62FL"
"3",22.0273395126611,24.6028062315521,1,0,0,"Parity 3","Parity","Guinea",2012,"GNIR62FL"
"4",23.8582224462421,24.6028062315521,0,0,0,"Parity 4","Parity","Guinea",2012,"GNIR62FL"
"5",17.9178691990601,24.6028062315521,1,1,0,"Parity 5","Parity","Guinea",2012,"GNIR62FL"
"6",11.4513931546763,24.6028062315521,1,1,1,"Parity 6+","Parity","Guinea",2012,"GNIR62FL"
"1",21.8382380915536,38.8104618132334,1,1,1,"Boké","Geography","Guinea",2018,"GNIR71FL"
"2",55.3509673804918,38.8104618132334,0,0,0,"Conakry","Geography","Guinea",2018,"GNIR71FL"
"3",31.9251243071636,38.8104618132334,1,0,0,"Faranah","Geography","Guinea",2018,"GNIR71FL"
"4",48.1819373416731,38.8104618132334,0,0,0,"Kankan","Geography","Guinea",2018,"GNIR71FL"
"5",40.1825146702933,38.8104618132334,0,0,0,"Kindia","Geography","Guinea",2018,"GNIR71FL"
"6",11.7635925706962,38.8104618132334,1,1,1,"Labé","Geography","Guinea",2018,"GNIR71FL"
"7",11.7799831997356,38.8104618132334,1,1,1,"Mamou","Geography","Guinea",2018,"GNIR71FL"
"8",45.5799466379647,38.8104618132334,0,0,0,"N'zérékoré","Geography","Guinea",2018,"GNIR71FL"
"1",17.909810847351,38.8104618132334,1,1,1,"Poorest","Wealth","Guinea",2018,"GNIR71FL"
"2",31.5261087065942,38.8104618132334,1,0,0,"Poorer","Wealth","Guinea",2018,"GNIR71FL"
"3",34.7062039435401,38.8104618132334,1,0,0,"Middle","Wealth","Guinea",2018,"GNIR71FL"
"4",45.4999178854767,38.8104618132334,0,0,0,"Richer","Wealth","Guinea",2018,"GNIR71FL"
"5",55.977031144247,38.8104618132334,0,0,0,"Richest","Wealth","Guinea",2018,"GNIR71FL"
"0",33.3401227645915,38.8104618132334,1,0,0,"None","Education","Guinea",2018,"GNIR71FL"
"1",37.7999181666129,38.8104618132334,0,0,0,"Primary","Education","Guinea",2018,"GNIR71FL"
"2",53.4449107728212,38.8104618132334,0,0,0,"Secondary","Education","Guinea",2018,"GNIR71FL"
"3",70.4082261133136,38.8104618132334,0,0,0,"Higher","Education","Guinea",2018,"GNIR71FL"
"1",46.9544810746361,38.8104618132334,0,0,0,"Age 15-19","Age","Guinea",2018,"GNIR71FL"
"2",46.7410439709552,38.8104618132334,0,0,0,"Age 20-24","Age","Guinea",2018,"GNIR71FL"
"3",40.00860801534,38.8104618132334,0,0,0,"Age 25-29","Age","Guinea",2018,"GNIR71FL"
"4",34.2953138996046,38.8104618132334,1,0,0,"Age 30-34","Age","Guinea",2018,"GNIR71FL"
"5",33.7726594798748,38.8104618132334,1,0,0,"Age 35-39","Age","Guinea",2018,"GNIR71FL"
"6",27.9327807014328,38.8104618132334,1,1,0,"Age 40-44","Age","Guinea",2018,"GNIR71FL"
"7",32.6793529521217,38.8104618132334,1,0,0,"Age 45-49","Age","Guinea",2018,"GNIR71FL"
"0",65.7982617435941,38.8104618132334,0,0,0,"Parity 0","Parity","Guinea",2018,"GNIR71FL"
"1",42.8759716916341,38.8104618132334,0,0,0,"Parity 1","Parity","Guinea",2018,"GNIR71FL"
"2",39.3636239121253,38.8104618132334,0,0,0,"Parity 2","Parity","Guinea",2018,"GNIR71FL"
"3",35.1219300065948,38.8104618132334,0,0,0,"Parity 3","Parity","Guinea",2018,"GNIR71FL"
"4",29.4375860179283,38.8104618132334,1,1,0,"Parity 4","Parity","Guinea",2018,"GNIR71FL"
"5",32.2896137366618,38.8104618132334,1,0,0,"Parity 5","Parity","Guinea",2018,"GNIR71FL"
"6",26.5188860210242,38.8104618132334,1,1,1,"Parity 6+","Parity","Guinea",2018,"GNIR71FL"
"1",69.0842933216095,73.9217014262758,0,0,0,"Northern Region","Geography","Malawi",2015,"MWIR7AFL"
"2",77.665717601682,73.9217014262758,0,0,0,"Central Region","Geography","Malawi",2015,"MWIR7AFL"
"3",71.5693108328268,73.9217014262758,0,0,0,"Southern Region","Geography","Malawi",2015,"MWIR7AFL"
"1",70.0065787449764,73.9217014262758,0,0,0,"Poorest","Wealth","Malawi",2015,"MWIR7AFL"
"2",73.6700718216156,73.9217014262758,0,0,0,"Poorer","Wealth","Malawi",2015,"MWIR7AFL"
"3",74.5042075648374,73.9217014262758,0,0,0,"Middle","Wealth","Malawi",2015,"MWIR7AFL"
"4",74.6349396630242,73.9217014262758,0,0,0,"Richer","Wealth","Malawi",2015,"MWIR7AFL"
"5",76.4730187891965,73.9217014262758,0,0,0,"Richest","Wealth","Malawi",2015,"MWIR7AFL"
"0",72.3489393337462,73.9217014262758,0,0,0,"None","Education","Malawi",2015,"MWIR7AFL"
"1",74.1423557552387,73.9217014262758,0,0,0,"Primary","Education","Malawi",2015,"MWIR7AFL"
"2",74.4504973595825,73.9217014262758,0,0,0,"Secondary","Education","Malawi",2015,"MWIR7AFL"
"3",72.2125285882428,73.9217014262758,0,0,0,"Higher","Education","Malawi",2015,"MWIR7AFL"
"1",57.8946137683143,73.9217014262758,1,1,0,"Age 15-19","Age","Malawi",2015,"MWIR7AFL"
"2",73.4702845024172,73.9217014262758,0,0,0,"Age 20-24","Age","Malawi",2015,"MWIR7AFL"
"3",77.2295301074306,73.9217014262758,0,0,0,"Age 25-29","Age","Malawi",2015,"MWIR7AFL"
"4",76.3117196700649,73.9217014262758,0,0,0,"Age 30-34","Age","Malawi",2015,"MWIR7AFL"
"5",75.4025500027528,73.9217014262758,0,0,0,"Age 35-39","Age","Malawi",2015,"MWIR7AFL"
"6",75.2596744848902,73.9217014262758,0,0,0,"Age 40-44","Age","Malawi",2015,"MWIR7AFL"
"7",75.9598581194133,73.9217014262758,0,0,0,"Age 45-49","Age","Malawi",2015,"MWIR7AFL"
"0",40.0135059044127,73.9217014262758,1,1,1,"Parity 0","Parity","Malawi",2015,"MWIR7AFL"
"1",73.5311829084761,73.9217014262758,0,0,0,"Parity 1","Parity","Malawi",2015,"MWIR7AFL"
"2",76.0547692316392,73.9217014262758,0,0,0,"Parity 2","Parity","Malawi",2015,"MWIR7AFL"
"3",77.7495839858149,73.9217014262758,0,0,0,"Parity 3","Parity","Malawi",2015,"MWIR7AFL"
"4",75.5892246448786,73.9217014262758,0,0,0,"Parity 4","Parity","Malawi",2015,"MWIR7AFL"
"5",76.9951796712521,73.9217014262758,0,0,0,"Parity 5","Parity","Malawi",2015,"MWIR7AFL"
"6",74.9987412619451,73.9217014262758,0,0,0,"Parity 6+","Parity","Malawi",2015,"MWIR7AFL"
"1",29.794163879367,41.3593475852854,1,1,0,"Kayes","Geography","Mali",2018,"MLIR7HFL"
"2",42.4767697374236,41.3593475852854,0,0,0,"Koulikoro","Geography","Mali",2018,"MLIR7HFL"
"3",45.5837806797676,41.3593475852854,0,0,0,"Sikasso","Geography","Mali",2018,"MLIR7HFL"
"4",45.0985439280154,41.3593475852854,0,0,0,"Segou","Geography","Mali",2018,"MLIR7HFL"
"5",23.397415569894,41.3593475852854,1,1,1,"Mopti","Geography","Mali",2018,"MLIR7HFL"
"6",37.2609177455459,41.3593475852854,0,0,0,"Toumbouctou","Geography","Mali",2018,"MLIR7HFL"
"7",17.6575277899607,41.3593475852854,1,1,1,"Gao","Geography","Mali",2018,"MLIR7HFL"
"8",7.64306651479303,41.3593475852854,1,1,1,"Kidal","Geography","Mali",2018,"MLIR7HFL"
"9",53.0933782594288,41.3593475852854,0,0,0,"Bamako","Geography","Mali",2018,"MLIR7HFL"
"1",26.3370182084705,41.3593475852854,1,1,1,"Poorest","Wealth","Mali",2018,"MLIR7HFL"
"2",29.6491429787359,41.3593475852854,1,1,0,"Poorer","Wealth","Mali",2018,"MLIR7HFL"
"3",40.1086479492976,41.3593475852854,0,0,0,"Middle","Wealth","Mali",2018,"MLIR7HFL"
"4",49.0786094753011,41.3593475852854,0,0,0,"Richer","Wealth","Mali",2018,"MLIR7HFL"
"5",55.1308594351959,41.3593475852854,0,0,0,"Richest","Wealth","Mali",2018,"MLIR7HFL"
"0",34.6248610109611,41.3593475852854,1,0,0,"None","Education","Mali",2018,"MLIR7HFL"
"1",42.3099213473283,41.3593475852854,0,0,0,"Primary","Education","Mali",2018,"MLIR7HFL"
"2",61.2714664805627,41.3593475852854,0,0,0,"Secondary","Education","Mali",2018,"MLIR7HFL"
"3",65.8814026416601,41.3593475852854,0,0,0,"Higher","Education","Mali",2018,"MLIR7HFL"
"1",36.0291197863836,41.3593475852854,1,0,0,"Age 15-19","Age","Mali",2018,"MLIR7HFL"
"2",45.3324548044426,41.3593475852854,0,0,0,"Age 20-24","Age","Mali",2018,"MLIR7HFL"
"3",45.3806083113803,41.3593475852854,0,0,0,"Age 25-29","Age","Mali",2018,"MLIR7HFL"
"4",41.747185013088,41.3593475852854,0,0,0,"Age 30-34","Age","Mali",2018,"MLIR7HFL"
"5",40.7685149324539,41.3593475852854,0,0,0,"Age 35-39","Age","Mali",2018,"MLIR7HFL"
"6",35.5225845033616,41.3593475852854,1,0,0,"Age 40-44","Age","Mali",2018,"MLIR7HFL"
"7",32.3350817095201,41.3593475852854,1,1,0,"Age 45-49","Age","Mali",2018,"MLIR7HFL"
"0",44.743834229179,41.3593475852854,0,0,0,"Parity 0","Parity","Mali",2018,"MLIR7HFL"
"1",49.0577984604931,41.3593475852854,0,0,0,"Parity 1","Parity","Mali",2018,"MLIR7HFL"
"2",44.8371151420489,41.3593475852854,0,0,0,"Parity 2","Parity","Mali",2018,"MLIR7HFL"
"3",42.1444957265596,41.3593475852854,0,0,0,"Parity 3","Parity","Mali",2018,"MLIR7HFL"
"4",47.0660442652777,41.3593475852854,0,0,0,"Parity 4","Parity","Mali",2018,"MLIR7HFL"
"5",43.8289476611062,41.3593475852854,0,0,0,"Parity 5","Parity","Mali",2018,"MLIR7HFL"
"6",32.9671008545741,41.3593475852854,1,1,0,"Parity 6+","Parity","Mali",2018,"MLIR7HFL"
"1",36.6594139267933,38.8193979149487,0,0,0,"North Central","Geography","Nigeria",2013,"NGIR6AFL"
"2",14.6289204748878,38.8193979149487,1,1,1,"North East","Geography","Nigeria",2013,"NGIR6AFL"
"3",27.1524004129183,38.8193979149487,1,1,1,"North West","Geography","Nigeria",2013,"NGIR6AFL"
"4",40.9271855879472,38.8193979149487,0,0,0,"South East","Geography","Nigeria",2013,"NGIR6AFL"
"5",43.7358447115864,38.8193979149487,0,0,0,"South South","Geography","Nigeria",2013,"NGIR6AFL"
"6",51.8665927802443,38.8193979149487,0,0,0,"South West","Geography","Nigeria",2013,"NGIR6AFL"
"1",6.08016174412621,38.8193979149487,1,1,1,"Poorest","Wealth","Nigeria",2013,"NGIR6AFL"
"2",21.9814901667727,38.8193979149487,1,1,1,"Poorer","Wealth","Nigeria",2013,"NGIR6AFL"
"3",34.6448301565303,38.8193979149487,1,0,0,"Middle","Wealth","Nigeria",2013,"NGIR6AFL"
"4",42.8551409365133,38.8193979149487,0,0,0,"Richer","Wealth","Nigeria",2013,"NGIR6AFL"
"5",54.5979293808437,38.8193979149487,0,0,0,"Richest","Wealth","Nigeria",2013,"NGIR6AFL"
"0",10.3355795581837,38.8193979149487,1,1,1,"None","Education","Nigeria",2013,"NGIR6AFL"
"1",36.6462997185766,38.8193979149487,0,0,0,"Primary","Education","Nigeria",2013,"NGIR6AFL"
"2",48.0080393817321,38.8193979149487,0,0,0,"Secondary","Education","Nigeria",2013,"NGIR6AFL"
"3",57.8404121278196,38.8193979149487,0,0,0,"Higher","Education","Nigeria",2013,"NGIR6AFL"
"1",39.2649961153237,38.8193979149487,0,0,0,"Age 15-19","Age","Nigeria",2013,"NGIR6AFL"
"2",44.4216270821819,38.8193979149487,0,0,0,"Age 20-24","Age","Nigeria",2013,"NGIR6AFL"
"3",37.8114064201457,38.8193979149487,0,0,0,"Age 25-29","Age","Nigeria",2013,"NGIR6AFL"
"4",37.7591163559684,38.8193979149487,0,0,0,"Age 30-34","Age","Nigeria",2013,"NGIR6AFL"
"5",36.5102410593235,38.8193979149487,0,0,0,"Age 35-39","Age","Nigeria",2013,"NGIR6AFL"
"6",38.2602991218167,38.8193979149487,0,0,0,"Age 40-44","Age","Nigeria",2013,"NGIR6AFL"
"7",35.7159130317778,38.8193979149487,0,0,0,"Age 45-49","Age","Nigeria",2013,"NGIR6AFL"
"0",65.3792526906846,38.8193979149487,0,0,0,"Parity 0","Parity","Nigeria",2013,"NGIR6AFL"
"1",32.084311707835,38.8193979149487,1,0,0,"Parity 1","Parity","Nigeria",2013,"NGIR6AFL"
"2",33.7029466033623,38.8193979149487,1,0,0,"Parity 2","Parity","Nigeria",2013,"NGIR6AFL"
"3",35.8987024419112,38.8193979149487,0,0,0,"Parity 3","Parity","Nigeria",2013,"NGIR6AFL"
"4",36.8399656659044,38.8193979149487,0,0,0,"Parity 4","Parity","Nigeria",2013,"NGIR6AFL"
"5",37.518010228715,38.8193979149487,0,0,0,"Parity 5","Parity","Nigeria",2013,"NGIR6AFL"
"6",27.3510810928524,38.8193979149487,1,1,0,"Parity 6+","Parity","Nigeria",2013,"NGIR6AFL"
"1",38.7342063946139,35.6568710358527,0,0,0,"North Central","Geography","Nigeria",2018,"NGIR7AFL"
"2",28.630110512637,35.6568710358527,1,0,0,"North East","Geography","Nigeria",2018,"NGIR7AFL"
"3",30.4719158101242,35.6568710358527,1,0,0,"North West","Geography","Nigeria",2018,"NGIR7AFL"
"4",31.483089403697,35.6568710358527,1,0,0,"South East","Geography","Nigeria",2018,"NGIR7AFL"
"5",37.9259113315355,35.6568710358527,0,0,0,"South South","Geography","Nigeria",2018,"NGIR7AFL"
"6",41.7554623456964,35.6568710358527,0,0,0,"South West","Geography","Nigeria",2018,"NGIR7AFL"
"1",18.702091359365,35.6568710358527,1,1,1,"Poorest","Wealth","Nigeria",2018,"NGIR7AFL"
"2",26.7693295354527,35.6568710358527,1,1,0,"Poorer","Wealth","Nigeria",2018,"NGIR7AFL"
"3",33.5288969824576,35.6568710358527,0,0,0,"Middle","Wealth","Nigeria",2018,"NGIR7AFL"
"4",39.721325749117,35.6568710358527,0,0,0,"Richer","Wealth","Nigeria",2018,"NGIR7AFL"
"5",44.1411032888395,35.6568710358527,0,0,0,"Richest","Wealth","Nigeria",2018,"NGIR7AFL"
"0",19.8963963142149,35.6568710358527,1,1,1,"None","Education","Nigeria",2018,"NGIR7AFL"
"1",35.5420747184611,35.6568710358527,0,0,0,"Primary","Education","Nigeria",2018,"NGIR7AFL"
"2",40.4043789489639,35.6568710358527,0,0,0,"Secondary","Education","Nigeria",2018,"NGIR7AFL"
"3",46.6446895197318,35.6568710358527,0,0,0,"Higher","Education","Nigeria",2018,"NGIR7AFL"
"1",27.4798368551482,35.6568710358527,1,1,0,"Age 15-19","Age","Nigeria",2018,"NGIR7AFL"
"2",34.6384108749707,35.6568710358527,0,0,0,"Age 20-24","Age","Nigeria",2018,"NGIR7AFL"
"3",39.0245421228251,35.6568710358527,0,0,0,"Age 25-29","Age","Nigeria",2018,"NGIR7AFL"
"4",35.9374193701441,35.6568710358527,0,0,0,"Age 30-34","Age","Nigeria",2018,"NGIR7AFL"
"5",36.7936390649837,35.6568710358527,0,0,0,"Age 35-39","Age","Nigeria",2018,"NGIR7AFL"
"6",35.0606620975523,35.6568710358527,0,0,0,"Age 40-44","Age","Nigeria",2018,"NGIR7AFL"
"7",32.6389520469654,35.6568710358527,0,0,0,"Age 45-49","Age","Nigeria",2018,"NGIR7AFL"
"0",42.229677542149,35.6568710358527,0,0,0,"Parity 0","Parity","Nigeria",2018,"NGIR7AFL"
"1",34.0976689249818,35.6568710358527,0,0,0,"Parity 1","Parity","Nigeria",2018,"NGIR7AFL"
"2",37.5485441156189,35.6568710358527,0,0,0,"Parity 2","Parity","Nigeria",2018,"NGIR7AFL"
"3",38.556446517413,35.6568710358527,0,0,0,"Parity 3","Parity","Nigeria",2018,"NGIR7AFL"
"4",40.4170148134102,35.6568710358527,0,0,0,"Parity 4","Parity","Nigeria",2018,"NGIR7AFL"
"5",37.3227233302591,35.6568710358527,0,0,0,"Parity 5","Parity","Nigeria",2018,"NGIR7AFL"
"6",27.4118358431736,35.6568710358527,1,1,0,"Parity 6+","Parity","Nigeria",2018,"NGIR7AFL"
"1",45.2368345725838,49.0322717304059,0,0,0,"Eastern","Geography","Sierra Leone",2013,"SLIR61FL"
"2",44.302549153729,49.0322717304059,0,0,0,"Northern","Geography","Sierra Leone",2013,"SLIR61FL"
"3",48.2082486694551,49.0322717304059,0,0,0,"Southern","Geography","Sierra Leone",2013,"SLIR61FL"
"4",60.1023802018727,49.0322717304059,0,0,0,"Western","Geography","Sierra Leone",2013,"SLIR61FL"
"1",39.1348192672288,49.0322717304059,1,1,0,"Poorest","Wealth","Sierra Leone",2013,"SLIR61FL"
"2",36.7872135069919,49.0322717304059,1,1,0,"Poorer","Wealth","Sierra Leone",2013,"SLIR61FL"
"3",39.7729157653075,49.0322717304059,1,0,0,"Middle","Wealth","Sierra Leone",2013,"SLIR61FL"
"4",53.6127803502997,49.0322717304059,0,0,0,"Richer","Wealth","Sierra Leone",2013,"SLIR61FL"
"5",63.2155456041297,49.0322717304059,0,0,0,"Richest","Wealth","Sierra Leone",2013,"SLIR61FL"
"0",37.6910176546077,49.0322717304059,1,1,0,"None","Education","Sierra Leone",2013,"SLIR61FL"
"1",44.8898814166408,49.0322717304059,0,0,0,"Primary","Education","Sierra Leone",2013,"SLIR61FL"
"2",63.674647753212,49.0322717304059,0,0,0,"Secondary","Education","Sierra Leone",2013,"SLIR61FL"
"3",80.0257958656325,49.0322717304059,0,0,0,"Higher","Education","Sierra Leone",2013,"SLIR61FL"
"1",54.37956544847,49.0322717304059,0,0,0,"Age 15-19","Age","Sierra Leone",2013,"SLIR61FL"
"2",56.7267069145839,49.0322717304059,0,0,0,"Age 20-24","Age","Sierra Leone",2013,"SLIR61FL"
"3",46.3021670774596,49.0322717304059,0,0,0,"Age 25-29","Age","Sierra Leone",2013,"SLIR61FL"
"4",50.1563205137961,49.0322717304059,0,0,0,"Age 30-34","Age","Sierra Leone",2013,"SLIR61FL"
"5",42.1609148362006,49.0322717304059,1,0,0,"Age 35-39","Age","Sierra Leone",2013,"SLIR61FL"
"6",41.6723743189362,49.0322717304059,1,0,0,"Age 40-44","Age","Sierra Leone",2013,"SLIR61FL"
"7",36.9593352303915,49.0322717304059,1,1,0,"Age 45-49","Age","Sierra Leone",2013,"SLIR61FL"
"0",65.4205094142846,49.0322717304059,0,0,0,"Parity 0","Parity","Sierra Leone",2013,"SLIR61FL"
"1",54.1582633365468,49.0322717304059,0,0,0,"Parity 1","Parity","Sierra Leone",2013,"SLIR61FL"
"2",47.8411505771965,49.0322717304059,0,0,0,"Parity 2","Parity","Sierra Leone",2013,"SLIR61FL"
"3",43.8637842265509,49.0322717304059,1,0,0,"Parity 3","Parity","Sierra Leone",2013,"SLIR61FL"
"4",44.1601822999015,49.0322717304059,0,0,0,"Parity 4","Parity","Sierra Leone",2013,"SLIR61FL"
"5",39.0091883501918,49.0322717304059,1,1,0,"Parity 5","Parity","Sierra Leone",2013,"SLIR61FL"
"6",37.2530457034118,49.0322717304059,1,1,0,"Parity 6+","Parity","Sierra Leone",2013,"SLIR61FL"
"1",56.93802164936,53.1324703171985,0,0,0,"Eastern","Geography","Sierra Leone",2019,"SLIR7AFL"
"2",53.6311403127907,53.1324703171985,0,0,0,"Northern","Geography","Sierra Leone",2019,"SLIR7AFL"
"3",45.7623047012155,53.1324703171985,1,0,0,"North Western","Geography","Sierra Leone",2019,"SLIR7AFL"
"4",55.0222383171934,53.1324703171985,0,0,0,"Southern","Geography","Sierra Leone",2019,"SLIR7AFL"
"5",53.0077552192473,53.1324703171985,0,0,0,"Western","Geography","Sierra Leone",2019,"SLIR7AFL"
"1",46.2342933787822,53.1324703171985,1,0,0,"Poorest","Wealth","Sierra Leone",2019,"SLIR7AFL"
"2",46.7129633029206,53.1324703171985,1,0,0,"Poorer","Wealth","Sierra Leone",2019,"SLIR7AFL"
"3",53.9374581947491,53.1324703171985,0,0,0,"Middle","Wealth","Sierra Leone",2019,"SLIR7AFL"
"4",59.4966188396622,53.1324703171985,0,0,0,"Richer","Wealth","Sierra Leone",2019,"SLIR7AFL"
"5",55.2066259172292,53.1324703171985,0,0,0,"Richest","Wealth","Sierra Leone",2019,"SLIR7AFL"
"0",42.8092487115154,53.1324703171985,1,0,0,"None","Education","Sierra Leone",2019,"SLIR7AFL"
"1",50.6307330924222,53.1324703171985,0,0,0,"Primary","Education","Sierra Leone",2019,"SLIR7AFL"
"2",63.0228376239806,53.1324703171985,0,0,0,"Secondary","Education","Sierra Leone",2019,"SLIR7AFL"
"3",62.461484104567,53.1324703171985,0,0,0,"Higher","Education","Sierra Leone",2019,"SLIR7AFL"
"1",59.704389707819,53.1324703171985,0,0,0,"Age 15-19","Age","Sierra Leone",2019,"SLIR7AFL"
"2",56.0585662874941,53.1324703171985,0,0,0,"Age 20-24","Age","Sierra Leone",2019,"SLIR7AFL"
"3",54.9227478978647,53.1324703171985,0,0,0,"Age 25-29","Age","Sierra Leone",2019,"SLIR7AFL"
"4",52.1546773808199,53.1324703171985,0,0,0,"Age 30-34","Age","Sierra Leone",2019,"SLIR7AFL"
"5",49.5922446368136,53.1324703171985,0,0,0,"Age 35-39","Age","Sierra Leone",2019,"SLIR7AFL"
"6",43.3071433897387,53.1324703171985,1,0,0,"Age 40-44","Age","Sierra Leone",2019,"SLIR7AFL"
"7",37.2298418922932,53.1324703171985,1,1,0,"Age 45-49","Age","Sierra Leone",2019,"SLIR7AFL"
"0",64.8272326939868,53.1324703171985,0,0,0,"Parity 0","Parity","Sierra Leone",2019,"SLIR7AFL"
"1",54.433109015606,53.1324703171985,0,0,0,"Parity 1","Parity","Sierra Leone",2019,"SLIR7AFL"
"2",56.5864625160803,53.1324703171985,0,0,0,"Parity 2","Parity","Sierra Leone",2019,"SLIR7AFL"
"3",48.79561109138,53.1324703171985,0,0,0,"Parity 3","Parity","Sierra Leone",2019,"SLIR7AFL"
"4",47.2551397942444,53.1324703171985,1,0,0,"Parity 4","Parity","Sierra Leone",2019,"SLIR7AFL"
"5",47.3405530466535,53.1324703171985,1,0,0,"Parity 5","Parity","Sierra Leone",2019,"SLIR7AFL"
"6",42.2231439719306,53.1324703171985,1,1,0,"Parity 6+","Parity","Sierra Leone",2019,"SLIR7AFL"
"1",65.2404632700504,55.0897871621282,0,0,0,"Dodoma","Geography","Tanzania",2015,"TZIR7BFL"
"2",55.1391886162067,55.0897871621282,0,0,0,"Arusha","Geography","Tanzania",2015,"TZIR7BFL"
"3",67.3213916262081,55.0897871621282,0,0,0,"Kilimanjaro","Geography","Tanzania",2015,"TZIR7BFL"
"4",54.3076414844652,55.0897871621282,0,0,0,"Tanga","Geography","Tanzania",2015,"TZIR7BFL"
"5",63.8377903754972,55.0897871621282,0,0,0,"Morogoro","Geography","Tanzania",2015,"TZIR7BFL"
"6",62.9242860406418,55.0897871621282,0,0,0,"Pwani","Geography","Tanzania",2015,"TZIR7BFL"
"7",51.6626462298248,55.0897871621282,0,0,0,"Dar Es Salaam","Geography","Tanzania",2015,"TZIR7BFL"
"8",79.2284877447436,55.0897871621282,0,0,0,"Lindi","Geography","Tanzania",2015,"TZIR7BFL"
"9",81.1204437106886,55.0897871621282,0,0,0,"Mtwara","Geography","Tanzania",2015,"TZIR7BFL"
"10",71.2157815782388,55.0897871621282,0,0,0,"Ruvuma","Geography","Tanzania",2015,"TZIR7BFL"
"11",51.3589581370671,55.0897871621282,0,0,0,"Iringa","Geography","Tanzania",2015,"TZIR7BFL"
"12",66.7526485222228,55.0897871621282,0,0,0,"Mbeya","Geography","Tanzania",2015,"TZIR7BFL"
"13",61.8406622284235,55.0897871621282,0,0,0,"Singida","Geography","Tanzania",2015,"TZIR7BFL"
"14",49.9527122089031,55.0897871621282,0,0,0,"Tabora","Geography","Tanzania",2015,"TZIR7BFL"
"15",55.1045195615348,55.0897871621282,0,0,0,"Rukwa","Geography","Tanzania",2015,"TZIR7BFL"
"16",35.7603783212381,55.0897871621282,1,1,1,"Kigoma","Geography","Tanzania",2015,"TZIR7BFL"
"17",49.1768865471752,55.0897871621282,1,0,0,"Shinyanga","Geography","Tanzania",2015,"TZIR7BFL"
"18",60.2589137511676,55.0897871621282,0,0,0,"Kagera","Geography","Tanzania",2015,"TZIR7BFL"
"19",38.3168001684819,55.0897871621282,1,1,1,"Mwanza","Geography","Tanzania",2015,"TZIR7BFL"
"20",45.9770458670595,55.0897871621282,1,0,0,"Mara","Geography","Tanzania",2015,"TZIR7BFL"
"21",48.5301011321874,55.0897871621282,1,0,0,"Manyara","Geography","Tanzania",2015,"TZIR7BFL"
"22",59.679809050853,55.0897871621282,0,0,0,"Njombe","Geography","Tanzania",2015,"TZIR7BFL"
"23",38.5002241293918,55.0897871621282,1,1,1,"Katavi","Geography","Tanzania",2015,"TZIR7BFL"
"24",39.7383334674457,55.0897871621282,1,1,0,"Simiyu","Geography","Tanzania",2015,"TZIR7BFL"
"25",26.2386303516089,55.0897871621282,1,1,1,"Geita","Geography","Tanzania",2015,"TZIR7BFL"
"51",26.5775155667079,55.0897871621282,1,1,1,"Kaskazini Unguja","Geography","Tanzania",2015,"TZIR7BFL"
"52",49.3037106151051,55.0897871621282,1,0,0,"Kusini Unguja","Geography","Tanzania",2015,"TZIR7BFL"
"53",28.9755769691089,55.0897871621282,1,1,1,"Mjini Magharibi","Geography","Tanzania",2015,"TZIR7BFL"
"54",21.6866804174648,55.0897871621282,1,1,1,"Kaskazini Pemba","Geography","Tanzania",2015,"TZIR7BFL"
"55",19.3607492155721,55.0897871621282,1,1,1,"Kusini Pemba","Geography","Tanzania",2015,"TZIR7BFL"
"1",41.9047302084265,55.0897871621282,1,1,0,"Poorest","Wealth","Tanzania",2015,"TZIR7BFL"
"2",50.4483985633683,55.0897871621282,0,0,0,"Poorer","Wealth","Tanzania",2015,"TZIR7BFL"
"3",59.4412413808312,55.0897871621282,0,0,0,"Middle","Wealth","Tanzania",2015,"TZIR7BFL"
"4",62.5441818426524,55.0897871621282,0,0,0,"Richer","Wealth","Tanzania",2015,"TZIR7BFL"
"5",56.5859858670757,55.0897871621282,0,0,0,"Richest","Wealth","Tanzania",2015,"TZIR7BFL"
"0",47.3378947300476,55.0897871621282,1,0,0,"None","Education","Tanzania",2015,"TZIR7BFL"
"1",57.5009610241583,55.0897871621282,0,0,0,"Primary","Education","Tanzania",2015,"TZIR7BFL"
"2",53.4709376188487,55.0897871621282,0,0,0,"Secondary","Education","Tanzania",2015,"TZIR7BFL"
"3",46.9519837747063,55.0897871621282,1,0,0,"Higher","Education","Tanzania",2015,"TZIR7BFL"
"1",40.6242343247773,55.0897871621282,1,1,0,"Age 15-19","Age","Tanzania",2015,"TZIR7BFL"
"2",55.0452978942589,55.0897871621282,0,0,0,"Age 20-24","Age","Tanzania",2015,"TZIR7BFL"
"3",57.1828051544834,55.0897871621282,0,0,0,"Age 25-29","Age","Tanzania",2015,"TZIR7BFL"
"4",58.2062293019308,55.0897871621282,0,0,0,"Age 30-34","Age","Tanzania",2015,"TZIR7BFL"
"5",58.455436110921,55.0897871621282,0,0,0,"Age 35-39","Age","Tanzania",2015,"TZIR7BFL"
"6",52.5848867132285,55.0897871621282,0,0,0,"Age 40-44","Age","Tanzania",2015,"TZIR7BFL"
"7",58.4417299845165,55.0897871621282,0,0,0,"Age 45-49","Age","Tanzania",2015,"TZIR7BFL"
"0",45.8152771830917,55.0897871621282,1,0,0,"Parity 0","Parity","Tanzania",2015,"TZIR7BFL"
"1",55.7180564944077,55.0897871621282,0,0,0,"Parity 1","Parity","Tanzania",2015,"TZIR7BFL"
"2",58.5473053070392,55.0897871621282,0,0,0,"Parity 2","Parity","Tanzania",2015,"TZIR7BFL"
"3",59.4487300653286,55.0897871621282,0,0,0,"Parity 3","Parity","Tanzania",2015,"TZIR7BFL"
"4",59.6427299681279,55.0897871621282,0,0,0,"Parity 4","Parity","Tanzania",2015,"TZIR7BFL"
"5",59.1325690697946,55.0897871621282,0,0,0,"Parity 5","Parity","Tanzania",2015,"TZIR7BFL"
"6",47.9045624200295,55.0897871621282,1,0,0,"Parity 6+","Parity","Tanzania",2015,"TZIR7BFL"
"1",42.2795400559576,37.3563266139878,0,0,0,"Grande Agglomération De Lomé","Geography","Togo",2013,"TGIR61FL"
"2",30.5417865272579,37.3563266139878,1,0,0,"Maritime (Sans Agglomération De Lomé)","Geography","Togo",2013,"TGIR61FL"
"3",32.459686523921,37.3563266139878,1,0,0,"Plateaux","Geography","Togo",2013,"TGIR61FL"
"4",49.6655222781443,37.3563266139878,0,0,0,"Centrale","Geography","Togo",2013,"TGIR61FL"
"5",45.7154743227459,37.3563266139878,0,0,0,"Kara","Geography","Togo",2013,"TGIR61FL"
"6",22.2843602183662,37.3563266139878,1,1,1,"Savanes","Geography","Togo",2013,"TGIR61FL"
"1",30.7448976052889,37.3563266139878,1,0,0,"Poorest","Wealth","Togo",2013,"TGIR61FL"
"2",33.9964473490928,37.3563266139878,0,0,0,"Poorer","Wealth","Togo",2013,"TGIR61FL"
"3",33.4842949614398,37.3563266139878,1,0,0,"Middle","Wealth","Togo",2013,"TGIR61FL"
"4",38.5362488801777,37.3563266139878,0,0,0,"Richer","Wealth","Togo",2013,"TGIR61FL"
"5",45.7832806833777,37.3563266139878,0,0,0,"Richest","Wealth","Togo",2013,"TGIR61FL"
"0",27.002352995749,37.3563266139878,1,1,0,"None","Education","Togo",2013,"TGIR61FL"
"1",36.3767519778651,37.3563266139878,0,0,0,"Primary","Education","Togo",2013,"TGIR61FL"
"2",45.1331565181703,37.3563266139878,0,0,0,"Secondary","Education","Togo",2013,"TGIR61FL"
"3",67.2595616908461,37.3563266139878,0,0,0,"Higher","Education","Togo",2013,"TGIR61FL"
"1",41.4851641853387,37.3563266139878,0,0,0,"Age 15-19","Age","Togo",2013,"TGIR61FL"
"2",40.0575358096809,37.3563266139878,0,0,0,"Age 20-24","Age","Togo",2013,"TGIR61FL"
"3",37.646893600547,37.3563266139878,0,0,0,"Age 25-29","Age","Togo",2013,"TGIR61FL"
"4",36.1915374965133,37.3563266139878,0,0,0,"Age 30-34","Age","Togo",2013,"TGIR61FL"
"5",32.7451046957313,37.3563266139878,1,0,0,"Age 35-39","Age","Togo",2013,"TGIR61FL"
"6",36.6143868713234,37.3563266139878,0,0,0,"Age 40-44","Age","Togo",2013,"TGIR61FL"
"7",37.5474230614947,37.3563266139878,0,0,0,"Age 45-49","Age","Togo",2013,"TGIR61FL"
"0",55.7297481152918,37.3563266139878,0,0,0,"Parity 0","Parity","Togo",2013,"TGIR61FL"
"1",33.7184636134411,37.3563266139878,0,0,0,"Parity 1","Parity","Togo",2013,"TGIR61FL"
"2",32.060488585304,37.3563266139878,1,0,0,"Parity 2","Parity","Togo",2013,"TGIR61FL"
"3",35.3732047120145,37.3563266139878,0,0,0,"Parity 3","Parity","Togo",2013,"TGIR61FL"
"4",35.1237586854978,37.3563266139878,0,0,0,"Parity 4","Parity","Togo",2013,"TGIR61FL"
"5",32.7554890486637,37.3563266139878,1,0,0,"Parity 5","Parity","Togo",2013,"TGIR61FL"
"6",33.958532377673,37.3563266139878,0,0,0,"Parity 6+","Parity","Togo",2013,"TGIR61FL"
"0",61.9932311702463,53.8297017822773,0,0,0,"Kampala","Geography","Uganda",2016,"UGIR7BFL"
"1",62.5631844551233,53.8297017822773,0,0,0,"South Buganda","Geography","Uganda",2016,"UGIR7BFL"
"2",60.2506553640497,53.8297017822773,0,0,0,"North Buganda","Geography","Uganda",2016,"UGIR7BFL"
"3",46.5502474323958,53.8297017822773,1,0,0,"Busoga","Geography","Uganda",2016,"UGIR7BFL"
"4",50.2672174682505,53.8297017822773,0,0,0,"Bukedi","Geography","Uganda",2016,"UGIR7BFL"
"5",61.3092500265429,53.8297017822773,0,0,0,"Bugisu","Geography","Uganda",2016,"UGIR7BFL"
"6",44.930180270976,53.8297017822773,1,0,0,"Teso","Geography","Uganda",2016,"UGIR7BFL"
"7",26.5729995385264,53.8297017822773,1,1,1,"Karamoja","Geography","Uganda",2016,"UGIR7BFL"
"8",56.4098170754275,53.8297017822773,0,0,0,"Lango","Geography","Uganda",2016,"UGIR7BFL"
"9",46.4626837497759,53.8297017822773,1,0,0,"Acholi","Geography","Uganda",2016,"UGIR7BFL"
"10",31.6709137333034,53.8297017822773,1,1,1,"West Nile","Geography","Uganda",2016,"UGIR7BFL"
"11",52.1063195757497,53.8297017822773,0,0,0,"Bunyoro","Geography","Uganda",2016,"UGIR7BFL"
"12",55.5411836218033,53.8297017822773,0,0,0,"Tooro","Geography","Uganda",2016,"UGIR7BFL"
"13",55.334877543686,53.8297017822773,0,0,0,"Ankole","Geography","Uganda",2016,"UGIR7BFL"
"14",65.3505338330679,53.8297017822773,0,0,0,"Kigezi","Geography","Uganda",2016,"UGIR7BFL"
"1",38.4524787226407,53.8297017822773,1,1,0,"Poorest","Wealth","Uganda",2016,"UGIR7BFL"
"2",49.4399579589546,53.8297017822773,0,0,0,"Poorer","Wealth","Uganda",2016,"UGIR7BFL"
"3",53.5167499000572,53.8297017822773,0,0,0,"Middle","Wealth","Uganda",2016,"UGIR7BFL"
"4",59.9488053471244,53.8297017822773,0,0,0,"Richer","Wealth","Uganda",2016,"UGIR7BFL"
"5",62.9820592599781,53.8297017822773,0,0,0,"Richest","Wealth","Uganda",2016,"UGIR7BFL"
"0",41.4859821539948,53.8297017822773,1,1,0,"None","Education","Uganda",2016,"UGIR7BFL"
"1",51.4205392293439,53.8297017822773,0,0,0,"Primary","Education","Uganda",2016,"UGIR7BFL"
"2",61.6352444711484,53.8297017822773,0,0,0,"Secondary","Education","Uganda",2016,"UGIR7BFL"
"3",62.4876421658519,53.8297017822773,0,0,0,"Higher","Education","Uganda",2016,"UGIR7BFL"
"1",44.1462182120327,53.8297017822773,1,0,0,"Age 15-19","Age","Uganda",2016,"UGIR7BFL"
"2",52.9214809435458,53.8297017822773,0,0,0,"Age 20-24","Age","Uganda",2016,"UGIR7BFL"
"3",58.1865524000774,53.8297017822773,0,0,0,"Age 25-29","Age","Uganda",2016,"UGIR7BFL"
"4",55.0037786791722,53.8297017822773,0,0,0,"Age 30-34","Age","Uganda",2016,"UGIR7BFL"
"5",55.421218460813,53.8297017822773,0,0,0,"Age 35-39","Age","Uganda",2016,"UGIR7BFL"
"6",55.0767224212471,53.8297017822773,0,0,0,"Age 40-44","Age","Uganda",2016,"UGIR7BFL"
"7",47.2194906246029,53.8297017822773,1,0,0,"Age 45-49","Age","Uganda",2016,"UGIR7BFL"
"0",49.9643669266639,53.8297017822773,0,0,0,"Parity 0","Parity","Uganda",2016,"UGIR7BFL"
"1",52.9446917279397,53.8297017822773,0,0,0,"Parity 1","Parity","Uganda",2016,"UGIR7BFL"
"2",58.1494906720704,53.8297017822773,0,0,0,"Parity 2","Parity","Uganda",2016,"UGIR7BFL"
"3",56.3378703367091,53.8297017822773,0,0,0,"Parity 3","Parity","Uganda",2016,"UGIR7BFL"
"4",59.6662422717156,53.8297017822773,0,0,0,"Parity 4","Parity","Uganda",2016,"UGIR7BFL"
"5",52.9522819236215,53.8297017822773,0,0,0,"Parity 5","Parity","Uganda",2016,"UGIR7BFL"
"6",49.5950710475844,53.8297017822773,0,0,0,"Parity 6+","Parity","Uganda",2016,"UGIR7BFL"
"1",58.5373933985903,62.5553499048792,0,0,0,"Central","Geography","Zambia",2013,"ZMIR61FL"
"2",68.5239488599199,62.5553499048792,0,0,0,"Copperbelt","Geography","Zambia",2013,"ZMIR61FL"
"3",67.4440712847873,62.5553499048792,0,0,0,"Eastern","Geography","Zambia",2013,"ZMIR61FL"
"4",52.0250473694612,62.5553499048792,1,0,0,"Luapula","Geography","Zambia",2013,"ZMIR61FL"
"5",72.0104263315136,62.5553499048792,0,0,0,"Lusaka","Geography","Zambia",2013,"ZMIR61FL"
"6",49.3836120021358,62.5553499048792,1,1,0,"Muchinga","Geography","Zambia",2013,"ZMIR61FL"
"7",44.549808804718,62.5553499048792,1,1,0,"Northern","Geography","Zambia",2013,"ZMIR61FL"
"8",55.7409280558069,62.5553499048792,1,0,0,"North Western","Geography","Zambia",2013,"ZMIR61FL"
"9",64.5030874624638,62.5553499048792,0,0,0,"Southern","Geography","Zambia",2013,"ZMIR61FL"
"10",57.9234455195416,62.5553499048792,0,0,0,"Western","Geography","Zambia",2013,"ZMIR61FL"
"1",48.8122196252766,62.5553499048792,1,1,0,"Poorest","Wealth","Zambia",2013,"ZMIR61FL"
"2",55.6085039307764,62.5553499048792,1,0,0,"Poorer","Wealth","Zambia",2013,"ZMIR61FL"
"3",61.725118972079,62.5553499048792,0,0,0,"Middle","Wealth","Zambia",2013,"ZMIR61FL"
"4",66.9677229320806,62.5553499048792,0,0,0,"Richer","Wealth","Zambia",2013,"ZMIR61FL"
"5",76.1938874912515,62.5553499048792,0,0,0,"Richest","Wealth","Zambia",2013,"ZMIR61FL"
"0",52.8996424500832,62.5553499048792,1,0,0,"None","Education","Zambia",2013,"ZMIR61FL"
"1",59.041312123327,62.5553499048792,0,0,0,"Primary","Education","Zambia",2013,"ZMIR61FL"
"2",67.9069186233501,62.5553499048792,0,0,0,"Secondary","Education","Zambia",2013,"ZMIR61FL"
"3",78.6086451480818,62.5553499048792,0,0,0,"Higher","Education","Zambia",2013,"ZMIR61FL"
"1",43.1702423509574,62.5553499048792,1,1,1,"Age 15-19","Age","Zambia",2013,"ZMIR61FL"
"2",63.2668324545727,62.5553499048792,0,0,0,"Age 20-24","Age","Zambia",2013,"ZMIR61FL"
"3",68.2343241718877,62.5553499048792,0,0,0,"Age 25-29","Age","Zambia",2013,"ZMIR61FL"
"4",66.8834498248929,62.5553499048792,0,0,0,"Age 30-34","Age","Zambia",2013,"ZMIR61FL"
"5",63.6103368420995,62.5553499048792,0,0,0,"Age 35-39","Age","Zambia",2013,"ZMIR61FL"
"6",60.9224247636499,62.5553499048792,0,0,0,"Age 40-44","Age","Zambia",2013,"ZMIR61FL"
"7",58.1289717205239,62.5553499048792,0,0,0,"Age 45-49","Age","Zambia",2013,"ZMIR61FL"
"0",31.4279841776584,62.5553499048792,1,1,1,"Parity 0","Parity","Zambia",2013,"ZMIR61FL"
"1",63.6782606343486,62.5553499048792,0,0,0,"Parity 1","Parity","Zambia",2013,"ZMIR61FL"
"2",69.1700864435949,62.5553499048792,0,0,0,"Parity 2","Parity","Zambia",2013,"ZMIR61FL"
"3",72.0231643400424,62.5553499048792,0,0,0,"Parity 3","Parity","Zambia",2013,"ZMIR61FL"
"4",63.8537236765824,62.5553499048792,0,0,0,"Parity 4","Parity","Zambia",2013,"ZMIR61FL"
"5",66.3418122015332,62.5553499048792,0,0,0,"Parity 5","Parity","Zambia",2013,"ZMIR61FL"
"6",56.7643858889264,62.5553499048792,0,0,0,"Parity 6+","Parity","Zambia",2013,"ZMIR61FL"
"1",69.1618250433085,66.2489046302031,0,0,0,"Central","Geography","Zambia",2018,"ZMIR71FL"
"2",69.5173659232674,66.2489046302031,0,0,0,"Copperbelt","Geography","Zambia",2018,"ZMIR71FL"
"3",69.7560327245464,66.2489046302031,0,0,0,"Eastern","Geography","Zambia",2018,"ZMIR71FL"
"4",56.2401133230604,66.2489046302031,1,0,0,"Luapula","Geography","Zambia",2018,"ZMIR71FL"
"5",73.804107769757,66.2489046302031,0,0,0,"Lusaka","Geography","Zambia",2018,"ZMIR71FL"
"6",68.6333200735144,66.2489046302031,0,0,0,"Muchinga","Geography","Zambia",2018,"ZMIR71FL"
"7",56.3240405866587,66.2489046302031,1,0,0,"Northern","Geography","Zambia",2018,"ZMIR71FL"
"8",65.2012879943132,66.2489046302031,0,0,0,"North Western","Geography","Zambia",2018,"ZMIR71FL"
"9",60.5043056248625,66.2489046302031,0,0,0,"Southern","Geography","Zambia",2018,"ZMIR71FL"
"10",55.6727072447972,66.2489046302031,1,0,0,"Western","Geography","Zambia",2018,"ZMIR71FL"
"1",59.5882607329821,66.2489046302031,1,0,0,"Poorest","Wealth","Zambia",2018,"ZMIR71FL"
"2",60.3492899408006,66.2489046302031,0,0,0,"Poorer","Wealth","Zambia",2018,"ZMIR71FL"
"3",66.9231267408972,66.2489046302031,0,0,0,"Middle","Wealth","Zambia",2018,"ZMIR71FL"
"4",72.1085071550485,66.2489046302031,0,0,0,"Richer","Wealth","Zambia",2018,"ZMIR71FL"
"5",70.5196230796628,66.2489046302031,0,0,0,"Richest","Wealth","Zambia",2018,"ZMIR71FL"
"0",57.63091276085,66.2489046302031,1,0,0,"None","Education","Zambia",2018,"ZMIR71FL"
"1",63.8092281481463,66.2489046302031,0,0,0,"Primary","Education","Zambia",2018,"ZMIR71FL"
"2",70.2598561236377,66.2489046302031,0,0,0,"Secondary","Education","Zambia",2018,"ZMIR71FL"
"3",72.1998571376017,66.2489046302031,0,0,0,"Higher","Education","Zambia",2018,"ZMIR71FL"
"1",47.9833764476276,66.2489046302031,1,1,0,"Age 15-19","Age","Zambia",2018,"ZMIR71FL"
"2",67.1478752139359,66.2489046302031,0,0,0,"Age 20-24","Age","Zambia",2018,"ZMIR71FL"
"3",73.2851274105304,66.2489046302031,0,0,0,"Age 25-29","Age","Zambia",2018,"ZMIR71FL"
"4",71.5616485814958,66.2489046302031,0,0,0,"Age 30-34","Age","Zambia",2018,"ZMIR71FL"
"5",66.8976187439454,66.2489046302031,0,0,0,"Age 35-39","Age","Zambia",2018,"ZMIR71FL"
"6",61.5605203102883,66.2489046302031,0,0,0,"Age 40-44","Age","Zambia",2018,"ZMIR71FL"
"7",63.2321463081063,66.2489046302031,0,0,0,"Age 45-49","Age","Zambia",2018,"ZMIR71FL"
"0",36.2214198400417,66.2489046302031,1,1,1,"Parity 0","Parity","Zambia",2018,"ZMIR71FL"
"1",65.6682554237589,66.2489046302031,0,0,0,"Parity 1","Parity","Zambia",2018,"ZMIR71FL"
"2",73.8261063423533,66.2489046302031,0,0,0,"Parity 2","Parity","Zambia",2018,"ZMIR71FL"
"3",73.1741687875984,66.2489046302031,0,0,0,"Parity 3","Parity","Zambia",2018,"ZMIR71FL"
"4",70.3610721755795,66.2489046302031,0,0,0,"Parity 4","Parity","Zambia",2018,"ZMIR71FL"
"5",69.9668431265042,66.2489046302031,0,0,0,"Parity 5","Parity","Zambia",2018,"ZMIR71FL"
"6",60.8640877257743,66.2489046302031,0,0,0,"Parity 6+","Parity","Zambia",2018,"ZMIR71FL"
"1",74.7655001934723,77.5870565702956,0,0,0,"Manicaland","Geography","Zimbabwe",2010,"ZWIR62FL"
"2",79.8830894346102,77.5870565702956,0,0,0,"Mashonaland Central","Geography","Zimbabwe",2010,"ZWIR62FL"
"3",81.5656629136594,77.5870565702956,0,0,0,"Mashonaland East","Geography","Zimbabwe",2010,"ZWIR62FL"
"4",80.3308003720632,77.5870565702956,0,0,0,"Mashonaland West","Geography","Zimbabwe",2010,"ZWIR62FL"
"5",78.1472228946143,77.5870565702956,0,0,0,"Matabeleland North","Geography","Zimbabwe",2010,"ZWIR62FL"
"6",65.3571582460645,77.5870565702956,1,0,0,"Matabeleland South","Geography","Zimbabwe",2010,"ZWIR62FL"
"7",76.4808716875784,77.5870565702956,0,0,0,"Midlands","Geography","Zimbabwe",2010,"ZWIR62FL"
"8",78.9415133085288,77.5870565702956,0,0,0,"Masvingo","Geography","Zimbabwe",2010,"ZWIR62FL"
"9",78.1810883835721,77.5870565702956,0,0,0,"Harare","Geography","Zimbabwe",2010,"ZWIR62FL"
"10",76.1826111790225,77.5870565702956,0,0,0,"Bulawayo","Geography","Zimbabwe",2010,"ZWIR62FL"
"1",72.1144188684409,77.5870565702956,0,0,0,"Poorest","Wealth","Zimbabwe",2010,"ZWIR62FL"
"2",71.8659673014165,77.5870565702956,0,0,0,"Poorer","Wealth","Zimbabwe",2010,"ZWIR62FL"
"3",78.6962587896082,77.5870565702956,0,0,0,"Middle","Wealth","Zimbabwe",2010,"ZWIR62FL"
"4",80.6427028082117,77.5870565702956,0,0,0,"Richer","Wealth","Zimbabwe",2010,"ZWIR62FL"
"5",82.9739631318942,77.5870565702956,0,0,0,"Richest","Wealth","Zimbabwe",2010,"ZWIR62FL"
"0",71.4538524775716,77.5870565702956,0,0,0,"None","Education","Zimbabwe",2010,"ZWIR62FL"
"1",73.817033541971,77.5870565702956,0,0,0,"Primary","Education","Zimbabwe",2010,"ZWIR62FL"
"2",79.1110298857329,77.5870565702956,0,0,0,"Secondary","Education","Zimbabwe",2010,"ZWIR62FL"
"3",85.0543963059229,77.5870565702956,0,0,0,"Higher","Education","Zimbabwe",2010,"ZWIR62FL"
"1",59.6085048752883,77.5870565702956,1,1,0,"Age 15-19","Age","Zimbabwe",2010,"ZWIR62FL"
"2",77.8779386237356,77.5870565702956,0,0,0,"Age 20-24","Age","Zimbabwe",2010,"ZWIR62FL"
"3",80.3488702349862,77.5870565702956,0,0,0,"Age 25-29","Age","Zimbabwe",2010,"ZWIR62FL"
"4",82.1599734505992,77.5870565702956,0,0,0,"Age 30-34","Age","Zimbabwe",2010,"ZWIR62FL"
"5",77.7344878555523,77.5870565702956,0,0,0,"Age 35-39","Age","Zimbabwe",2010,"ZWIR62FL"
"6",76.9346502696519,77.5870565702956,0,0,0,"Age 40-44","Age","Zimbabwe",2010,"ZWIR62FL"
"7",72.4647729391843,77.5870565702956,0,0,0,"Age 45-49","Age","Zimbabwe",2010,"ZWIR62FL"
"0",46.5496073607167,77.5870565702956,1,1,1,"Parity 0","Parity","Zimbabwe",2010,"ZWIR62FL"
"1",75.7833132334868,77.5870565702956,0,0,0,"Parity 1","Parity","Zimbabwe",2010,"ZWIR62FL"
"2",83.2847204855162,77.5870565702956,0,0,0,"Parity 2","Parity","Zimbabwe",2010,"ZWIR62FL"
"3",82.3704927777982,77.5870565702956,0,0,0,"Parity 3","Parity","Zimbabwe",2010,"ZWIR62FL"
"4",79.086367013136,77.5870565702956,0,0,0,"Parity 4","Parity","Zimbabwe",2010,"ZWIR62FL"
"5",73.7988975873909,77.5870565702956,0,0,0,"Parity 5","Parity","Zimbabwe",2010,"ZWIR62FL"
"6",67.9712514706596,77.5870565702956,1,0,0,"Parity 6+","Parity","Zimbabwe",2010,"ZWIR62FL"
"1",81.2653589647852,84.7694804640233,0,0,0,"Manicaland","Geography","Zimbabwe",2015,"ZWIR71FL"
"2",87.0652504626569,84.7694804640233,0,0,0,"Mashonaland Central","Geography","Zimbabwe",2015,"ZWIR71FL"
"3",87.1791948902809,84.7694804640233,0,0,0,"Mashonaland East","Geography","Zimbabwe",2015,"ZWIR71FL"
"4",89.4696855387612,84.7694804640233,0,0,0,"Mashonaland West","Geography","Zimbabwe",2015,"ZWIR71FL"
"5",83.0933812922569,84.7694804640233,0,0,0,"Matabeleland North","Geography","Zimbabwe",2015,"ZWIR71FL"
"6",77.2222209230906,84.7694804640233,0,0,0,"Matabeleland South","Geography","Zimbabwe",2015,"ZWIR71FL"
"7",84.6250697811463,84.7694804640233,0,0,0,"Midlands","Geography","Zimbabwe",2015,"ZWIR71FL"
"8",79.5741054162775,84.7694804640233,0,0,0,"Masvingo","Geography","Zimbabwe",2015,"ZWIR71FL"
"9",86.6800739626257,84.7694804640233,0,0,0,"Harare","Geography","Zimbabwe",2015,"ZWIR71FL"
"10",85.7543753160177,84.7694804640233,0,0,0,"Bulawayo","Geography","Zimbabwe",2015,"ZWIR71FL"
"1",79.3818130260489,84.7694804640233,0,0,0,"Poorest","Wealth","Zimbabwe",2015,"ZWIR71FL"
"2",82.7075216009461,84.7694804640233,0,0,0,"Poorer","Wealth","Zimbabwe",2015,"ZWIR71FL"
"3",85.6776035575883,84.7694804640233,0,0,0,"Middle","Wealth","Zimbabwe",2015,"ZWIR71FL"
"4",85.4107568734213,84.7694804640233,0,0,0,"Richer","Wealth","Zimbabwe",2015,"ZWIR71FL"
"5",89.4763673896989,84.7694804640233,0,0,0,"Richest","Wealth","Zimbabwe",2015,"ZWIR71FL"
"0",68.822298331074,84.7694804640233,1,0,0,"None","Education","Zimbabwe",2015,"ZWIR71FL"
"1",80.5605106200651,84.7694804640233,0,0,0,"Primary","Education","Zimbabwe",2015,"ZWIR71FL"
"2",86.0961928579048,84.7694804640233,0,0,0,"Secondary","Education","Zimbabwe",2015,"ZWIR71FL"
"3",92.3231187998331,84.7694804640233,0,0,0,"Higher","Education","Zimbabwe",2015,"ZWIR71FL"
"1",71.6620604856385,84.7694804640233,1,0,0,"Age 15-19","Age","Zimbabwe",2015,"ZWIR71FL"
"2",84.8752605710949,84.7694804640233,0,0,0,"Age 20-24","Age","Zimbabwe",2015,"ZWIR71FL"
"3",86.1789562565024,84.7694804640233,0,0,0,"Age 25-29","Age","Zimbabwe",2015,"ZWIR71FL"
"4",88.2540703587867,84.7694804640233,0,0,0,"Age 30-34","Age","Zimbabwe",2015,"ZWIR71FL"
"5",85.1173803715384,84.7694804640233,0,0,0,"Age 35-39","Age","Zimbabwe",2015,"ZWIR71FL"
"6",84.5574750878867,84.7694804640233,0,0,0,"Age 40-44","Age","Zimbabwe",2015,"ZWIR71FL"
"7",80.387996172455,84.7694804640233,0,0,0,"Age 45-49","Age","Zimbabwe",2015,"ZWIR71FL"
"0",53.6902429268778,84.7694804640233,1,1,1,"Parity 0","Parity","Zimbabwe",2015,"ZWIR71FL"
"1",83.7688321579489,84.7694804640233,0,0,0,"Parity 1","Parity","Zimbabwe",2015,"ZWIR71FL"
"2",90.2866525871714,84.7694804640233,0,0,0,"Parity 2","Parity","Zimbabwe",2015,"ZWIR71FL"
"3",87.6715945057849,84.7694804640233,0,0,0,"Parity 3","Parity","Zimbabwe",2015,"ZWIR71FL"
"4",86.2599992783595,84.7694804640233,0,0,0,"Parity 4","Parity","Zimbabwe",2015,"ZWIR71FL"
"5",83.1237239478254,84.7694804640233,0,0,0,"Parity 5","Parity","Zimbabwe",2015,"ZWIR71FL"
"6",73.3887721805677,84.7694804640233,1,0,0,"Parity 6+","Parity","Zimbabwe",2015,"ZWIR71FL"
