Var1,Freq,National,below10,below20,below30,Labels,Group,Country,Year,Survey
1,21.26602529,22.43246779,0,0,0,Alibori,Geography,Benin,2011,BJIR61FL
2,19.90843589,22.43246779,1,0,0,Atacora,Geography,Benin,2011,BJIR61FL
3,15.29910486,22.43246779,1,1,1,Atlantique,Geography,Benin,2011,BJIR61FL
4,27.66467768,22.43246779,0,0,0,Borgou,Geography,Benin,2011,BJIR61FL
5,24.79512932,22.43246779,0,0,0,Collines,Geography,Benin,2011,BJIR61FL
6,29.24912499,22.43246779,0,0,0,Couffo,Geography,Benin,2011,BJIR61FL
7,21.65270854,22.43246779,0,0,0,Donga,Geography,Benin,2011,BJIR61FL
8,33.29387745,22.43246779,0,0,0,Littoral,Geography,Benin,2011,BJIR61FL
9,9.906735644,22.43246779,1,1,1,Mono,Geography,Benin,2011,BJIR61FL
10,16.54864848,22.43246779,1,1,0,Oueme,Geography,Benin,2011,BJIR61FL
11,21.48063118,22.43246779,0,0,0,Plateau,Geography,Benin,2011,BJIR61FL
12,20.16549457,22.43246779,1,0,0,Zou,Geography,Benin,2011,BJIR61FL
1,15.20434578,22.43246779,1,1,1,Poorest,Wealth,Benin,2011,BJIR61FL
2,18.42251686,22.43246779,1,0,0,Poorer,Wealth,Benin,2011,BJIR61FL
3,21.77425712,22.43246779,0,0,0,Middle,Wealth,Benin,2011,BJIR61FL
4,22.04788749,22.43246779,0,0,0,Richer,Wealth,Benin,2011,BJIR61FL
5,30.64166516,22.43246779,0,0,0,Richest,Wealth,Benin,2011,BJIR61FL
0,16.28558765,22.43246779,1,1,0,None,Education,Benin,2011,BJIR61FL
1,25.78182213,22.43246779,0,0,0,Primary,Education,Benin,2011,BJIR61FL
2,37.0622828,22.43246779,0,0,0,Secondary,Education,Benin,2011,BJIR61FL
3,34.33392496,22.43246779,0,0,0,Higher,Education,Benin,2011,BJIR61FL
1,35.59224075,22.43246779,0,0,0,Age 15-19,Age,Benin,2011,BJIR61FL
2,22.94021121,22.43246779,0,0,0,Age 20-24,Age,Benin,2011,BJIR61FL
3,20.1990307,22.43246779,0,0,0,Age 25-29,Age,Benin,2011,BJIR61FL
4,17.40854865,22.43246779,1,1,0,Age 30-34,Age,Benin,2011,BJIR61FL
5,20.45668898,22.43246779,0,0,0,Age 35-39,Age,Benin,2011,BJIR61FL
6,21.71934904,22.43246779,0,0,0,Age 40-44,Age,Benin,2011,BJIR61FL
7,26.46919328,22.43246779,0,0,0,Age 45-49,Age,Benin,2011,BJIR61FL
0,40.94322678,22.43246779,0,0,0,Parity 0,Parity,Benin,2011,BJIR61FL
1,21.81563584,22.43246779,0,0,0,Parity 1,Parity,Benin,2011,BJIR61FL
2,17.88187541,22.43246779,1,1,0,Parity 2,Parity,Benin,2011,BJIR61FL
3,19.55931012,22.43246779,1,0,0,Parity 3,Parity,Benin,2011,BJIR61FL
4,16.22774293,22.43246779,1,1,0,Parity 4,Parity,Benin,2011,BJIR61FL
5,16.36691245,22.43246779,1,1,0,Parity 5,Parity,Benin,2011,BJIR61FL
6,19.81199892,22.43246779,1,0,0,Parity 6+,Parity,Benin,2011,BJIR61FL
1,35.70683095,28.83312804,0,0,0,Alibori,Geography,Benin,2017,BJIR71FL
2,30.06972565,28.83312804,0,0,0,Atacora,Geography,Benin,2017,BJIR71FL
3,27.22962174,28.83312804,0,0,0,Atlantic,Geography,Benin,2017,BJIR71FL
4,31.84856322,28.83312804,0,0,0,Borgou,Geography,Benin,2017,BJIR71FL
5,32.36860558,28.83312804,0,0,0,Collines,Geography,Benin,2017,BJIR71FL
6,12.34671724,28.83312804,1,1,1,Couffo,Geography,Benin,2017,BJIR71FL
7,15.06554435,28.83312804,1,1,1,Donga,Geography,Benin,2017,BJIR71FL
8,36.75085901,28.83312804,0,0,0,Littoral,Geography,Benin,2017,BJIR71FL
9,35.83579223,28.83312804,0,0,0,Mono,Geography,Benin,2017,BJIR71FL
10,28.94438044,28.83312804,0,0,0,Oueme,Geography,Benin,2017,BJIR71FL
11,13.79658009,28.83312804,1,1,1,Plateau,Geography,Benin,2017,BJIR71FL
12,30.1305616,28.83312804,0,0,0,Zou,Geography,Benin,2017,BJIR71FL
1,24.56462285,28.83312804,1,0,0,Poorest,Wealth,Benin,2017,BJIR71FL
2,24.24001842,28.83312804,1,0,0,Poorer,Wealth,Benin,2017,BJIR71FL
3,27.46550559,28.83312804,0,0,0,Middle,Wealth,Benin,2017,BJIR71FL
4,29.18605207,28.83312804,0,0,0,Richer,Wealth,Benin,2017,BJIR71FL
5,35.46082058,28.83312804,0,0,0,Richest,Wealth,Benin,2017,BJIR71FL
0,25.28098261,28.83312804,1,0,0,None,Education,Benin,2017,BJIR71FL
1,29.06628187,28.83312804,0,0,0,Primary,Education,Benin,2017,BJIR71FL
2,35.03040848,28.83312804,0,0,0,Secondary,Education,Benin,2017,BJIR71FL
3,50.1406709,28.83312804,0,0,0,Higher,Education,Benin,2017,BJIR71FL
1,25.84778819,28.83312804,1,0,0,Age 15-19,Age,Benin,2017,BJIR71FL
2,27.60637015,28.83312804,0,0,0,Age 20-24,Age,Benin,2017,BJIR71FL
3,27.80963629,28.83312804,0,0,0,Age 25-29,Age,Benin,2017,BJIR71FL
4,31.63421806,28.83312804,0,0,0,Age 30-34,Age,Benin,2017,BJIR71FL
5,28.55654096,28.83312804,0,0,0,Age 35-39,Age,Benin,2017,BJIR71FL
6,31.15863372,28.83312804,0,0,0,Age 40-44,Age,Benin,2017,BJIR71FL
7,31.62944007,28.83312804,0,0,0,Age 45-49,Age,Benin,2017,BJIR71FL
0,36.49894364,28.83312804,0,0,0,Parity 0,Parity,Benin,2017,BJIR71FL
1,25.9510991,28.83312804,0,0,0,Parity 1,Parity,Benin,2017,BJIR71FL
2,24.18717016,28.83312804,1,0,0,Parity 2,Parity,Benin,2017,BJIR71FL
3,25.9630299,28.83312804,0,0,0,Parity 3,Parity,Benin,2017,BJIR71FL
4,31.21037539,28.83312804,0,0,0,Parity 4,Parity,Benin,2017,BJIR71FL
5,31.20331833,28.83312804,0,0,0,Parity 5,Parity,Benin,2017,BJIR71FL
6,28.46495364,28.83312804,0,0,0,Parity 6+,Parity,Benin,2017,BJIR71FL
1,36.13525975,39.36298959,0,0,0,Adamaoua,Geography,Cameroon,2011,CMIR61FL
2,41.27461376,39.36298959,0,0,0,Centre,Geography,Cameroon,2011,CMIR61FL
3,48.72117875,39.36298959,0,0,0,Douala,Geography,Cameroon,2011,CMIR61FL
4,26.92673188,39.36298959,1,1,1,Est,Geography,Cameroon,2011,CMIR61FL
5,15.09972804,39.36298959,1,1,1,Extreme-Nord,Geography,Cameroon,2011,CMIR61FL
6,34.84229829,39.36298959,1,0,0,Littoral,Geography,Cameroon,2011,CMIR61FL
7,15.03410117,39.36298959,1,1,1,Nord,Geography,Cameroon,2011,CMIR61FL
8,45.63651115,39.36298959,0,0,0,Nord-Ouest,Geography,Cameroon,2011,CMIR61FL
9,44.16464329,39.36298959,0,0,0,Ouest,Geography,Cameroon,2011,CMIR61FL
10,47.92796078,39.36298959,0,0,0,Sud,Geography,Cameroon,2011,CMIR61FL
11,45.59141109,39.36298959,0,0,0,Sud-Ouest,Geography,Cameroon,2011,CMIR61FL
12,49.9745076,39.36298959,0,0,0,Yaounde,Geography,Cameroon,2011,CMIR61FL
1,10.50149095,39.36298959,1,1,1,Poorest,Wealth,Cameroon,2011,CMIR61FL
2,25.96769251,39.36298959,1,1,1,Poorer,Wealth,Cameroon,2011,CMIR61FL
3,34.81801907,39.36298959,1,0,0,Middle,Wealth,Cameroon,2011,CMIR61FL
4,45.73548335,39.36298959,0,0,0,Richer,Wealth,Cameroon,2011,CMIR61FL
5,53.24085757,39.36298959,0,0,0,Richest,Wealth,Cameroon,2011,CMIR61FL
0,11.55051576,39.36298959,1,1,1,None,Education,Cameroon,2011,CMIR61FL
1,30.31141757,39.36298959,1,1,0,Primary,Education,Cameroon,2011,CMIR61FL
2,49.43368649,39.36298959,0,0,0,Secondary,Education,Cameroon,2011,CMIR61FL
3,62.91105717,39.36298959,0,0,0,Higher,Education,Cameroon,2011,CMIR61FL
1,47.1346885,39.36298959,0,0,0,Age 15-19,Age,Cameroon,2011,CMIR61FL
2,46.34049708,39.36298959,0,0,0,Age 20-24,Age,Cameroon,2011,CMIR61FL
3,40.23741441,39.36298959,0,0,0,Age 25-29,Age,Cameroon,2011,CMIR61FL
4,33.95491332,39.36298959,1,0,0,Age 30-34,Age,Cameroon,2011,CMIR61FL
5,33.43058464,39.36298959,1,0,0,Age 35-39,Age,Cameroon,2011,CMIR61FL
6,28.60370944,39.36298959,1,1,0,Age 40-44,Age,Cameroon,2011,CMIR61FL
7,30.22396217,39.36298959,1,1,0,Age 45-49,Age,Cameroon,2011,CMIR61FL
0,65.59732185,39.36298959,0,0,0,Parity 0,Parity,Cameroon,2011,CMIR61FL
1,44.78985899,39.36298959,0,0,0,Parity 1,Parity,Cameroon,2011,CMIR61FL
2,38.11909277,39.36298959,0,0,0,Parity 2,Parity,Cameroon,2011,CMIR61FL
3,31.44076437,39.36298959,1,1,0,Parity 3,Parity,Cameroon,2011,CMIR61FL
4,30.64150313,39.36298959,1,1,0,Parity 4,Parity,Cameroon,2011,CMIR61FL
5,33.33961346,39.36298959,1,0,0,Parity 5,Parity,Cameroon,2011,CMIR61FL
6,22.27787445,39.36298959,1,1,1,Parity 6+,Parity,Cameroon,2011,CMIR61FL
1,19.72878242,44.0820073,1,1,1,Adamawa,Geography,Cameroon,2018,CMIR71FL
2,49.84608658,44.0820073,0,0,0,Centre,Geography,Cameroon,2018,CMIR71FL
3,48.01818015,44.0820073,0,0,0,Douala,Geography,Cameroon,2018,CMIR71FL
4,55.82627862,44.0820073,0,0,0,East,Geography,Cameroon,2018,CMIR71FL
5,28.21542293,44.0820073,1,1,1,Far-North,Geography,Cameroon,2018,CMIR71FL
6,35.88190675,44.0820073,1,0,0,Littoral,Geography,Cameroon,2018,CMIR71FL
7,28.04051631,44.0820073,1,1,1,North,Geography,Cameroon,2018,CMIR71FL
8,48.64068367,44.0820073,0,0,0,North-West,Geography,Cameroon,2018,CMIR71FL
9,46.66605309,44.0820073,0,0,0,West,Geography,Cameroon,2018,CMIR71FL
10,34.13028169,44.0820073,1,1,0,South,Geography,Cameroon,2018,CMIR71FL
11,51.03388575,44.0820073,0,0,0,South-West,Geography,Cameroon,2018,CMIR71FL
12,55.79223363,44.0820073,0,0,0,Yaounde,Geography,Cameroon,2018,CMIR71FL
1,19.85969816,44.0820073,1,1,1,Poorest,Wealth,Cameroon,2018,CMIR71FL
2,35.8609396,44.0820073,1,0,0,Poorer,Wealth,Cameroon,2018,CMIR71FL
3,44.02567216,44.0820073,0,0,0,Middle,Wealth,Cameroon,2018,CMIR71FL
4,48.96791945,44.0820073,0,0,0,Richer,Wealth,Cameroon,2018,CMIR71FL
5,55.06848905,44.0820073,0,0,0,Richest,Wealth,Cameroon,2018,CMIR71FL
0,15.01300552,44.0820073,1,1,1,None,Education,Cameroon,2018,CMIR71FL
1,41.67372687,44.0820073,0,0,0,Primary,Education,Cameroon,2018,CMIR71FL
2,50.44449048,44.0820073,0,0,0,Secondary,Education,Cameroon,2018,CMIR71FL
3,57.16639325,44.0820073,0,0,0,Higher,Education,Cameroon,2018,CMIR71FL
1,45.18034358,44.0820073,0,0,0,Age 15-19,Age,Cameroon,2018,CMIR71FL
2,51.10306754,44.0820073,0,0,0,Age 20-24,Age,Cameroon,2018,CMIR71FL
3,45.15333094,44.0820073,0,0,0,Age 25-29,Age,Cameroon,2018,CMIR71FL
4,45.51296912,44.0820073,0,0,0,Age 30-34,Age,Cameroon,2018,CMIR71FL
5,38.39375012,44.0820073,1,0,0,Age 35-39,Age,Cameroon,2018,CMIR71FL
6,32.77998494,44.0820073,1,1,0,Age 40-44,Age,Cameroon,2018,CMIR71FL
7,32.82978128,44.0820073,1,1,0,Age 45-49,Age,Cameroon,2018,CMIR71FL
0,60.29763055,44.0820073,0,0,0,Parity 0,Parity,Cameroon,2018,CMIR71FL
1,44.55154396,44.0820073,0,0,0,Parity 1,Parity,Cameroon,2018,CMIR71FL
2,45.22580431,44.0820073,0,0,0,Parity 2,Parity,Cameroon,2018,CMIR71FL
3,45.8572216,44.0820073,0,0,0,Parity 3,Parity,Cameroon,2018,CMIR71FL
4,41.02630539,44.0820073,0,0,0,Parity 4,Parity,Cameroon,2018,CMIR71FL
5,35.83857777,44.0820073,1,0,0,Parity 5,Parity,Cameroon,2018,CMIR71FL
6,31.81316873,44.0820073,1,1,0,Parity 6+,Parity,Cameroon,2018,CMIR71FL
1,30.26839401,19.47486096,0,0,0,Kinshasa,Geography,Congo Democratic Republic,2013,CDIR61FL
2,19.24908272,19.47486096,0,0,0,Bandundu,Geography,Congo Democratic Republic,2013,CDIR61FL
3,27.33824821,19.47486096,0,0,0,Bas-Congo,Geography,Congo Democratic Republic,2013,CDIR61FL
4,9.318918812,19.47486096,1,1,1,Equateur,Geography,Congo Democratic Republic,2013,CDIR61FL
5,14.10697232,19.47486096,1,1,0,Kasai-Occidental,Geography,Congo Democratic Republic,2013,CDIR61FL
6,11.86913461,19.47486096,1,1,1,Kasai-Oriental,Geography,Congo Democratic Republic,2013,CDIR61FL
7,11.67006909,19.47486096,1,1,1,Katanga,Geography,Congo Democratic Republic,2013,CDIR61FL
8,18.09778394,19.47486096,0,0,0,Maniema,Geography,Congo Democratic Republic,2013,CDIR61FL
9,26.82933537,19.47486096,0,0,0,Nord-Kivu,Geography,Congo Democratic Republic,2013,CDIR61FL
10,16.09680394,19.47486096,1,0,0,Orientale,Geography,Congo Democratic Republic,2013,CDIR61FL
11,31.92751934,19.47486096,0,0,0,Sud-Kivu,Geography,Congo Democratic Republic,2013,CDIR61FL
1,9.55809554,19.47486096,1,1,1,Poorest,Wealth,Congo Democratic Republic,2013,CDIR61FL
2,12.6236696,19.47486096,1,1,1,Poorer,Wealth,Congo Democratic Republic,2013,CDIR61FL
3,12.22922956,19.47486096,1,1,1,Middle,Wealth,Congo Democratic Republic,2013,CDIR61FL
4,25.59313772,19.47486096,0,0,0,Richer,Wealth,Congo Democratic Republic,2013,CDIR61FL
5,30.72001257,19.47486096,0,0,0,Richest,Wealth,Congo Democratic Republic,2013,CDIR61FL
0,11.72667114,19.47486096,1,1,1,None,Education,Congo Democratic Republic,2013,CDIR61FL
1,12.599603,19.47486096,1,1,1,Primary,Education,Congo Democratic Republic,2013,CDIR61FL
2,24.79958504,19.47486096,0,0,0,Secondary,Education,Congo Democratic Republic,2013,CDIR61FL
3,39.96604984,19.47486096,0,0,0,Higher,Education,Congo Democratic Republic,2013,CDIR61FL
1,19.22995036,19.47486096,0,0,0,Age 15-19,Age,Congo Democratic Republic,2013,CDIR61FL
2,22.31276973,19.47486096,0,0,0,Age 20-24,Age,Congo Democratic Republic,2013,CDIR61FL
3,18.0998714,19.47486096,0,0,0,Age 25-29,Age,Congo Democratic Republic,2013,CDIR61FL
4,19.96878008,19.47486096,0,0,0,Age 30-34,Age,Congo Democratic Republic,2013,CDIR61FL
5,18.14410053,19.47486096,0,0,0,Age 35-39,Age,Congo Democratic Republic,2013,CDIR61FL
6,16.8681154,19.47486096,1,0,0,Age 40-44,Age,Congo Democratic Republic,2013,CDIR61FL
7,20.16631412,19.47486096,0,0,0,Age 45-49,Age,Congo Democratic Republic,2013,CDIR61FL
0,30.67674182,19.47486096,0,0,0,Parity 0,Parity,Congo Democratic Republic,2013,CDIR61FL
1,19.40838573,19.47486096,0,0,0,Parity 1,Parity,Congo Democratic Republic,2013,CDIR61FL
2,18.83744891,19.47486096,0,0,0,Parity 2,Parity,Congo Democratic Republic,2013,CDIR61FL
3,19.76510055,19.47486096,0,0,0,Parity 3,Parity,Congo Democratic Republic,2013,CDIR61FL
4,16.85585123,19.47486096,1,0,0,Parity 4,Parity,Congo Democratic Republic,2013,CDIR61FL
5,16.01941424,19.47486096,1,0,0,Parity 5,Parity,Congo Democratic Republic,2013,CDIR61FL
6,15.58658079,19.47486096,1,0,0,Parity 6+,Parity,Congo Democratic Republic,2013,CDIR61FL
1,50.85145849,50.78598312,0,0,0,Tigray,Geography,Ethiopia,2011,ETIR61FL
2,37.92190705,50.78598312,1,1,0,Affar,Geography,Ethiopia,2011,ETIR61FL
3,58.22172382,50.78598312,0,0,0,Amhara,Geography,Ethiopia,2011,ETIR61FL
4,44.34476218,50.78598312,1,0,0,Oromiya,Geography,Ethiopia,2011,ETIR61FL
5,14.92635501,50.78598312,1,1,1,Somali,Geography,Ethiopia,2011,ETIR61FL
6,51.22886433,50.78598312,0,0,0,Benishangul-Gumuz,Geography,Ethiopia,2011,ETIR61FL
7,48.18726761,50.78598312,0,0,0,Snnp,Geography,Ethiopia,2011,ETIR61FL
12,69.86344412,50.78598312,0,0,0,Gambela,Geography,Ethiopia,2011,ETIR61FL
13,54.04400541,50.78598312,0,0,0,Harari,Geography,Ethiopia,2011,ETIR61FL
14,75.9999106,50.78598312,0,0,0,Addis Ababa,Geography,Ethiopia,2011,ETIR61FL
15,57.44401981,50.78598312,0,0,0,Dire Dawa,Geography,Ethiopia,2011,ETIR61FL
1,30.45544319,50.78598312,1,1,1,Poorest,Wealth,Ethiopia,2011,ETIR61FL
2,44.2774489,50.78598312,1,0,0,Poorer,Wealth,Ethiopia,2011,ETIR61FL
3,45.71376778,50.78598312,0,0,0,Middle,Wealth,Ethiopia,2011,ETIR61FL
4,51.53667537,50.78598312,0,0,0,Richer,Wealth,Ethiopia,2011,ETIR61FL
5,72.08727221,50.78598312,0,0,0,Richest,Wealth,Ethiopia,2011,ETIR61FL
0,44.68630437,50.78598312,1,0,0,None,Education,Ethiopia,2011,ETIR61FL
1,54.79098854,50.78598312,0,0,0,Primary,Education,Ethiopia,2011,ETIR61FL
2,74.82255257,50.78598312,0,0,0,Secondary,Education,Ethiopia,2011,ETIR61FL
3,74.36784448,50.78598312,0,0,0,Higher,Education,Ethiopia,2011,ETIR61FL
1,42.73020932,50.78598312,1,0,0,Age 15-19,Age,Ethiopia,2011,ETIR61FL
2,58.13824696,50.78598312,0,0,0,Age 20-24,Age,Ethiopia,2011,ETIR61FL
3,50.90353892,50.78598312,0,0,0,Age 25-29,Age,Ethiopia,2011,ETIR61FL
4,52.29313025,50.78598312,0,0,0,Age 30-34,Age,Ethiopia,2011,ETIR61FL
5,50.77596293,50.78598312,0,0,0,Age 35-39,Age,Ethiopia,2011,ETIR61FL
6,42.02704941,50.78598312,1,0,0,Age 40-44,Age,Ethiopia,2011,ETIR61FL
7,46.42391691,50.78598312,0,0,0,Age 45-49,Age,Ethiopia,2011,ETIR61FL
0,54.54589223,50.78598312,0,0,0,Parity 0,Parity,Ethiopia,2011,ETIR61FL
1,60.29923253,50.78598312,0,0,0,Parity 1,Parity,Ethiopia,2011,ETIR61FL
2,63.11051709,50.78598312,0,0,0,Parity 2,Parity,Ethiopia,2011,ETIR61FL
3,56.0827897,50.78598312,0,0,0,Parity 3,Parity,Ethiopia,2011,ETIR61FL
4,49.00475715,50.78598312,0,0,0,Parity 4,Parity,Ethiopia,2011,ETIR61FL
5,47.5109393,50.78598312,0,0,0,Parity 5,Parity,Ethiopia,2011,ETIR61FL
6,37.38033471,50.78598312,1,1,0,Parity 6+,Parity,Ethiopia,2011,ETIR61FL
1,67.68916603,61.35100077,0,0,0,Tigray,Geography,Ethiopia,2016,ETIR70FL
2,43.20212872,61.35100077,1,1,0,Afar,Geography,Ethiopia,2016,ETIR70FL
3,73.41300273,61.35100077,0,0,0,Amhara,Geography,Ethiopia,2016,ETIR70FL
4,49.34505051,61.35100077,1,0,0,Oromia,Geography,Ethiopia,2016,ETIR70FL
5,9.509091529,61.35100077,1,1,1,Somali,Geography,Ethiopia,2016,ETIR70FL
6,58.32499045,61.35100077,0,0,0,Benishangul,Geography,Ethiopia,2016,ETIR70FL
7,65.14888677,61.35100077,0,0,0,Snnpr,Geography,Ethiopia,2016,ETIR70FL
8,61.70906382,61.35100077,0,0,0,Gambela,Geography,Ethiopia,2016,ETIR70FL
9,58.77927539,61.35100077,0,0,0,Harari,Geography,Ethiopia,2016,ETIR70FL
10,75.11739356,61.35100077,0,0,0,Addis Adaba,Geography,Ethiopia,2016,ETIR70FL
11,60.06417129,61.35100077,0,0,0,Dire Dawa,Geography,Ethiopia,2016,ETIR70FL
1,43.41459018,61.35100077,1,1,0,Poorest,Wealth,Ethiopia,2016,ETIR70FL
2,53.36999827,61.35100077,1,0,0,Poorer,Wealth,Ethiopia,2016,ETIR70FL
3,60.67091277,61.35100077,0,0,0,Middle,Wealth,Ethiopia,2016,ETIR70FL
4,67.31994013,61.35100077,0,0,0,Richer,Wealth,Ethiopia,2016,ETIR70FL
5,75.0928112,61.35100077,0,0,0,Richest,Wealth,Ethiopia,2016,ETIR70FL
0,56.50251746,61.35100077,0,0,0,None,Education,Ethiopia,2016,ETIR70FL
1,64.13390497,61.35100077,0,0,0,Primary,Education,Ethiopia,2016,ETIR70FL
2,75.84663376,61.35100077,0,0,0,Secondary,Education,Ethiopia,2016,ETIR70FL
3,77.82611985,61.35100077,0,0,0,Higher,Education,Ethiopia,2016,ETIR70FL
1,60.69262285,61.35100077,0,0,0,Age 15-19,Age,Ethiopia,2016,ETIR70FL
2,67.37398064,61.35100077,0,0,0,Age 20-24,Age,Ethiopia,2016,ETIR70FL
3,65.4230706,61.35100077,0,0,0,Age 25-29,Age,Ethiopia,2016,ETIR70FL
4,60.54369899,61.35100077,0,0,0,Age 30-34,Age,Ethiopia,2016,ETIR70FL
5,54.88549475,61.35100077,1,0,0,Age 35-39,Age,Ethiopia,2016,ETIR70FL
6,57.4227333,61.35100077,0,0,0,Age 40-44,Age,Ethiopia,2016,ETIR70FL
7,53.51389929,61.35100077,1,0,0,Age 45-49,Age,Ethiopia,2016,ETIR70FL
0,68.46553006,61.35100077,0,0,0,Parity 0,Parity,Ethiopia,2016,ETIR70FL
1,73.1817875,61.35100077,0,0,0,Parity 1,Parity,Ethiopia,2016,ETIR70FL
2,71.72264092,61.35100077,0,0,0,Parity 2,Parity,Ethiopia,2016,ETIR70FL
3,67.47269344,61.35100077,0,0,0,Parity 3,Parity,Ethiopia,2016,ETIR70FL
4,64.41578123,61.35100077,0,0,0,Parity 4,Parity,Ethiopia,2016,ETIR70FL
5,55.02065908,61.35100077,1,0,0,Parity 5,Parity,Ethiopia,2016,ETIR70FL
6,45.4562649,61.35100077,1,1,0,Parity 6+,Parity,Ethiopia,2016,ETIR70FL
1,45.42477057,41.1684511,0,0,0,Western,Geography,Ghana,2014,GHIR72FL
2,48.75445269,41.1684511,0,0,0,Central,Geography,Ghana,2014,GHIR72FL
3,37.41471709,41.1684511,0,0,0,Greater Accra,Geography,Ghana,2014,GHIR72FL
4,45.52537361,41.1684511,0,0,0,Volta,Geography,Ghana,2014,GHIR72FL
5,38.35077726,41.1684511,0,0,0,Eastern,Geography,Ghana,2014,GHIR72FL
6,36.05905909,41.1684511,1,0,0,Ashanti,Geography,Ghana,2014,GHIR72FL
7,48.13596706,41.1684511,0,0,0,Brong Ahafo,Geography,Ghana,2014,GHIR72FL
8,29.03299436,41.1684511,1,1,0,Northern,Geography,Ghana,2014,GHIR72FL
9,47.67718591,41.1684511,0,0,0,Upper East,Geography,Ghana,2014,GHIR72FL
10,47.80671042,41.1684511,0,0,0,Upper West,Geography,Ghana,2014,GHIR72FL
1,41.25808772,41.1684511,0,0,0,Poorest,Wealth,Ghana,2014,GHIR72FL
2,43.14617584,41.1684511,0,0,0,Poorer,Wealth,Ghana,2014,GHIR72FL
3,45.16204878,41.1684511,0,0,0,Middle,Wealth,Ghana,2014,GHIR72FL
4,37.71556036,41.1684511,0,0,0,Richer,Wealth,Ghana,2014,GHIR72FL
5,38.93004063,41.1684511,0,0,0,Richest,Wealth,Ghana,2014,GHIR72FL
0,38.55982778,41.1684511,0,0,0,None,Education,Ghana,2014,GHIR72FL
1,44.83934148,41.1684511,0,0,0,Primary,Education,Ghana,2014,GHIR72FL
2,40.32160243,41.1684511,0,0,0,Secondary,Education,Ghana,2014,GHIR72FL
3,45.81590095,41.1684511,0,0,0,Higher,Education,Ghana,2014,GHIR72FL
1,31.0345554,41.1684511,1,1,0,Age 15-19,Age,Ghana,2014,GHIR72FL
2,42.99030895,41.1684511,0,0,0,Age 20-24,Age,Ghana,2014,GHIR72FL
3,44.24206107,41.1684511,0,0,0,Age 25-29,Age,Ghana,2014,GHIR72FL
4,42.35022482,41.1684511,0,0,0,Age 30-34,Age,Ghana,2014,GHIR72FL
5,37.57784052,41.1684511,0,0,0,Age 35-39,Age,Ghana,2014,GHIR72FL
6,39.02900653,41.1684511,0,0,0,Age 40-44,Age,Ghana,2014,GHIR72FL
7,50.11715298,41.1684511,0,0,0,Age 45-49,Age,Ghana,2014,GHIR72FL
0,40.08822038,41.1684511,0,0,0,Parity 0,Parity,Ghana,2014,GHIR72FL
1,38.08934485,41.1684511,0,0,0,Parity 1,Parity,Ghana,2014,GHIR72FL
2,42.10777744,41.1684511,0,0,0,Parity 2,Parity,Ghana,2014,GHIR72FL
3,44.90799993,41.1684511,0,0,0,Parity 3,Parity,Ghana,2014,GHIR72FL
4,43.98617687,41.1684511,0,0,0,Parity 4,Parity,Ghana,2014,GHIR72FL
5,37.57635483,41.1684511,0,0,0,Parity 5,Parity,Ghana,2014,GHIR72FL
6,40.688317,41.1684511,0,0,0,Parity 6+,Parity,Ghana,2014,GHIR72FL
1,24.52524577,24.60280623,0,0,0,Boke,Geography,Guinea,2012,GNIR62FL
2,36.30437896,24.60280623,0,0,0,Conakry,Geography,Guinea,2012,GNIR62FL
3,19.29499201,24.60280623,1,1,0,Faranah,Geography,Guinea,2012,GNIR62FL
4,10.68528223,24.60280623,1,1,1,Kankan,Geography,Guinea,2012,GNIR62FL
5,22.1762238,24.60280623,0,0,0,Kindia,Geography,Guinea,2012,GNIR62FL
6,24.39951858,24.60280623,0,0,0,Labe,Geography,Guinea,2012,GNIR62FL
7,5.875839708,24.60280623,1,1,1,Mamou,Geography,Guinea,2012,GNIR62FL
8,27.21072393,24.60280623,0,0,0,N'zerekore,Geography,Guinea,2012,GNIR62FL
1,13.93057106,24.60280623,1,1,1,Poorest,Wealth,Guinea,2012,GNIR62FL
2,15.101152,24.60280623,1,1,1,Poorer,Wealth,Guinea,2012,GNIR62FL
3,19.04388345,24.60280623,1,1,0,Middle,Wealth,Guinea,2012,GNIR62FL
4,21.05172103,24.60280623,1,0,0,Richer,Wealth,Guinea,2012,GNIR62FL
5,41.46504411,24.60280623,0,0,0,Richest,Wealth,Guinea,2012,GNIR62FL
0,16.9397489,24.60280623,1,1,1,None,Education,Guinea,2012,GNIR62FL
1,23.52992615,24.60280623,0,0,0,Primary,Education,Guinea,2012,GNIR62FL
2,41.25816918,24.60280623,0,0,0,Secondary,Education,Guinea,2012,GNIR62FL
3,65.2593171,24.60280623,0,0,0,Higher,Education,Guinea,2012,GNIR62FL
1,21.59205445,24.60280623,1,0,0,Age 15-19,Age,Guinea,2012,GNIR62FL
2,31.74130873,24.60280623,0,0,0,Age 20-24,Age,Guinea,2012,GNIR62FL
3,30.91186212,24.60280623,0,0,0,Age 25-29,Age,Guinea,2012,GNIR62FL
4,21.67900124,24.60280623,1,0,0,Age 30-34,Age,Guinea,2012,GNIR62FL
5,21.23800223,24.60280623,1,0,0,Age 35-39,Age,Guinea,2012,GNIR62FL
6,13.99799907,24.60280623,1,1,1,Age 40-44,Age,Guinea,2012,GNIR62FL
7,16.20107416,24.60280623,1,1,1,Age 45-49,Age,Guinea,2012,GNIR62FL
0,51.66790999,24.60280623,0,0,0,Parity 0,Parity,Guinea,2012,GNIR62FL
1,23.75115101,24.60280623,0,0,0,Parity 1,Parity,Guinea,2012,GNIR62FL
2,25.7359113,24.60280623,0,0,0,Parity 2,Parity,Guinea,2012,GNIR62FL
3,22.02733951,24.60280623,1,0,0,Parity 3,Parity,Guinea,2012,GNIR62FL
4,23.85822245,24.60280623,0,0,0,Parity 4,Parity,Guinea,2012,GNIR62FL
5,17.9178692,24.60280623,1,1,0,Parity 5,Parity,Guinea,2012,GNIR62FL
6,11.45139315,24.60280623,1,1,1,Parity 6+,Parity,Guinea,2012,GNIR62FL
1,21.83823809,38.81046181,1,1,1,Boke,Geography,Guinea,2018,GNIR71FL
2,55.35096738,38.81046181,0,0,0,Conakry,Geography,Guinea,2018,GNIR71FL
3,31.92512431,38.81046181,1,0,0,Faranah,Geography,Guinea,2018,GNIR71FL
4,48.18193734,38.81046181,0,0,0,Kankan,Geography,Guinea,2018,GNIR71FL
5,40.18251467,38.81046181,0,0,0,Kindia,Geography,Guinea,2018,GNIR71FL
6,11.76359257,38.81046181,1,1,1,Labe,Geography,Guinea,2018,GNIR71FL
7,11.7799832,38.81046181,1,1,1,Mamou,Geography,Guinea,2018,GNIR71FL
8,45.57994664,38.81046181,0,0,0,N'zerekore,Geography,Guinea,2018,GNIR71FL
1,17.90981085,38.81046181,1,1,1,Poorest,Wealth,Guinea,2018,GNIR71FL
2,31.52610871,38.81046181,1,0,0,Poorer,Wealth,Guinea,2018,GNIR71FL
3,34.70620394,38.81046181,1,0,0,Middle,Wealth,Guinea,2018,GNIR71FL
4,45.49991789,38.81046181,0,0,0,Richer,Wealth,Guinea,2018,GNIR71FL
5,55.97703114,38.81046181,0,0,0,Richest,Wealth,Guinea,2018,GNIR71FL
0,33.34012276,38.81046181,1,0,0,None,Education,Guinea,2018,GNIR71FL
1,37.79991817,38.81046181,0,0,0,Primary,Education,Guinea,2018,GNIR71FL
2,53.44491077,38.81046181,0,0,0,Secondary,Education,Guinea,2018,GNIR71FL
3,70.40822611,38.81046181,0,0,0,Higher,Education,Guinea,2018,GNIR71FL
1,46.95448107,38.81046181,0,0,0,Age 15-19,Age,Guinea,2018,GNIR71FL
2,46.74104397,38.81046181,0,0,0,Age 20-24,Age,Guinea,2018,GNIR71FL
3,40.00860802,38.81046181,0,0,0,Age 25-29,Age,Guinea,2018,GNIR71FL
4,34.2953139,38.81046181,1,0,0,Age 30-34,Age,Guinea,2018,GNIR71FL
5,33.77265948,38.81046181,1,0,0,Age 35-39,Age,Guinea,2018,GNIR71FL
6,27.9327807,38.81046181,1,1,0,Age 40-44,Age,Guinea,2018,GNIR71FL
7,32.67935295,38.81046181,1,0,0,Age 45-49,Age,Guinea,2018,GNIR71FL
0,65.79826174,38.81046181,0,0,0,Parity 0,Parity,Guinea,2018,GNIR71FL
1,42.87597169,38.81046181,0,0,0,Parity 1,Parity,Guinea,2018,GNIR71FL
2,39.36362391,38.81046181,0,0,0,Parity 2,Parity,Guinea,2018,GNIR71FL
3,35.12193001,38.81046181,0,0,0,Parity 3,Parity,Guinea,2018,GNIR71FL
4,29.43758602,38.81046181,1,1,0,Parity 4,Parity,Guinea,2018,GNIR71FL
5,32.28961374,38.81046181,1,0,0,Parity 5,Parity,Guinea,2018,GNIR71FL
6,26.51888602,38.81046181,1,1,1,Parity 6+,Parity,Guinea,2018,GNIR71FL
1,69.08429332,73.92170143,0,0,0,Northern Region,Geography,Malawi,2015,MWIR7AFL
2,77.6657176,73.92170143,0,0,0,Central Region,Geography,Malawi,2015,MWIR7AFL
3,71.56931083,73.92170143,0,0,0,Southern Region,Geography,Malawi,2015,MWIR7AFL
1,70.00657874,73.92170143,0,0,0,Poorest,Wealth,Malawi,2015,MWIR7AFL
2,73.67007182,73.92170143,0,0,0,Poorer,Wealth,Malawi,2015,MWIR7AFL
3,74.50420756,73.92170143,0,0,0,Middle,Wealth,Malawi,2015,MWIR7AFL
4,74.63493966,73.92170143,0,0,0,Richer,Wealth,Malawi,2015,MWIR7AFL
5,76.47301879,73.92170143,0,0,0,Richest,Wealth,Malawi,2015,MWIR7AFL
0,72.34893933,73.92170143,0,0,0,None,Education,Malawi,2015,MWIR7AFL
1,74.14235576,73.92170143,0,0,0,Primary,Education,Malawi,2015,MWIR7AFL
2,74.45049736,73.92170143,0,0,0,Secondary,Education,Malawi,2015,MWIR7AFL
3,72.21252859,73.92170143,0,0,0,Higher,Education,Malawi,2015,MWIR7AFL
1,57.89461377,73.92170143,1,1,0,Age 15-19,Age,Malawi,2015,MWIR7AFL
2,73.4702845,73.92170143,0,0,0,Age 20-24,Age,Malawi,2015,MWIR7AFL
3,77.22953011,73.92170143,0,0,0,Age 25-29,Age,Malawi,2015,MWIR7AFL
4,76.31171967,73.92170143,0,0,0,Age 30-34,Age,Malawi,2015,MWIR7AFL
5,75.40255,73.92170143,0,0,0,Age 35-39,Age,Malawi,2015,MWIR7AFL
6,75.25967448,73.92170143,0,0,0,Age 40-44,Age,Malawi,2015,MWIR7AFL
7,75.95985812,73.92170143,0,0,0,Age 45-49,Age,Malawi,2015,MWIR7AFL
0,40.0135059,73.92170143,1,1,1,Parity 0,Parity,Malawi,2015,MWIR7AFL
1,73.53118291,73.92170143,0,0,0,Parity 1,Parity,Malawi,2015,MWIR7AFL
2,76.05476923,73.92170143,0,0,0,Parity 2,Parity,Malawi,2015,MWIR7AFL
3,77.74958399,73.92170143,0,0,0,Parity 3,Parity,Malawi,2015,MWIR7AFL
4,75.58922464,73.92170143,0,0,0,Parity 4,Parity,Malawi,2015,MWIR7AFL
5,76.99517967,73.92170143,0,0,0,Parity 5,Parity,Malawi,2015,MWIR7AFL
6,74.99874126,73.92170143,0,0,0,Parity 6+,Parity,Malawi,2015,MWIR7AFL
1,29.79416388,41.35934759,1,1,0,Kayes,Geography,Mali,2018,MLIR7HFL
2,42.47676974,41.35934759,0,0,0,Koulikoro,Geography,Mali,2018,MLIR7HFL
3,45.58378068,41.35934759,0,0,0,Sikasso,Geography,Mali,2018,MLIR7HFL
4,45.09854393,41.35934759,0,0,0,Segou,Geography,Mali,2018,MLIR7HFL
5,23.39741557,41.35934759,1,1,1,Mopti,Geography,Mali,2018,MLIR7HFL
6,37.26091775,41.35934759,0,0,0,Toumbouctou,Geography,Mali,2018,MLIR7HFL
7,17.65752779,41.35934759,1,1,1,Gao,Geography,Mali,2018,MLIR7HFL
8,7.643066515,41.35934759,1,1,1,Kidal,Geography,Mali,2018,MLIR7HFL
9,53.09337826,41.35934759,0,0,0,Bamako,Geography,Mali,2018,MLIR7HFL
1,26.33701821,41.35934759,1,1,1,Poorest,Wealth,Mali,2018,MLIR7HFL
2,29.64914298,41.35934759,1,1,0,Poorer,Wealth,Mali,2018,MLIR7HFL
3,40.10864795,41.35934759,0,0,0,Middle,Wealth,Mali,2018,MLIR7HFL
4,49.07860948,41.35934759,0,0,0,Richer,Wealth,Mali,2018,MLIR7HFL
5,55.13085944,41.35934759,0,0,0,Richest,Wealth,Mali,2018,MLIR7HFL
0,34.62486101,41.35934759,1,0,0,None,Education,Mali,2018,MLIR7HFL
1,42.30992135,41.35934759,0,0,0,Primary,Education,Mali,2018,MLIR7HFL
2,61.27146648,41.35934759,0,0,0,Secondary,Education,Mali,2018,MLIR7HFL
3,65.88140264,41.35934759,0,0,0,Higher,Education,Mali,2018,MLIR7HFL
1,36.02911979,41.35934759,1,0,0,Age 15-19,Age,Mali,2018,MLIR7HFL
2,45.3324548,41.35934759,0,0,0,Age 20-24,Age,Mali,2018,MLIR7HFL
3,45.38060831,41.35934759,0,0,0,Age 25-29,Age,Mali,2018,MLIR7HFL
4,41.74718501,41.35934759,0,0,0,Age 30-34,Age,Mali,2018,MLIR7HFL
5,40.76851493,41.35934759,0,0,0,Age 35-39,Age,Mali,2018,MLIR7HFL
6,35.5225845,41.35934759,1,0,0,Age 40-44,Age,Mali,2018,MLIR7HFL
7,32.33508171,41.35934759,1,1,0,Age 45-49,Age,Mali,2018,MLIR7HFL
0,44.74383423,41.35934759,0,0,0,Parity 0,Parity,Mali,2018,MLIR7HFL
1,49.05779846,41.35934759,0,0,0,Parity 1,Parity,Mali,2018,MLIR7HFL
2,44.83711514,41.35934759,0,0,0,Parity 2,Parity,Mali,2018,MLIR7HFL
3,42.14449573,41.35934759,0,0,0,Parity 3,Parity,Mali,2018,MLIR7HFL
4,47.06604427,41.35934759,0,0,0,Parity 4,Parity,Mali,2018,MLIR7HFL
5,43.82894766,41.35934759,0,0,0,Parity 5,Parity,Mali,2018,MLIR7HFL
6,32.96710085,41.35934759,1,1,0,Parity 6+,Parity,Mali,2018,MLIR7HFL
1,36.65941393,38.81939791,0,0,0,North Central,Geography,Nigeria,2013,NGIR6AFL
2,14.62892047,38.81939791,1,1,1,North East,Geography,Nigeria,2013,NGIR6AFL
3,27.15240041,38.81939791,1,1,1,North West,Geography,Nigeria,2013,NGIR6AFL
4,40.92718559,38.81939791,0,0,0,South East,Geography,Nigeria,2013,NGIR6AFL
5,43.73584471,38.81939791,0,0,0,South South,Geography,Nigeria,2013,NGIR6AFL
6,51.86659278,38.81939791,0,0,0,South West,Geography,Nigeria,2013,NGIR6AFL
1,6.080161744,38.81939791,1,1,1,Poorest,Wealth,Nigeria,2013,NGIR6AFL
2,21.98149017,38.81939791,1,1,1,Poorer,Wealth,Nigeria,2013,NGIR6AFL
3,34.64483016,38.81939791,1,0,0,Middle,Wealth,Nigeria,2013,NGIR6AFL
4,42.85514094,38.81939791,0,0,0,Richer,Wealth,Nigeria,2013,NGIR6AFL
5,54.59792938,38.81939791,0,0,0,Richest,Wealth,Nigeria,2013,NGIR6AFL
0,10.33557956,38.81939791,1,1,1,None,Education,Nigeria,2013,NGIR6AFL
1,36.64629972,38.81939791,0,0,0,Primary,Education,Nigeria,2013,NGIR6AFL
2,48.00803938,38.81939791,0,0,0,Secondary,Education,Nigeria,2013,NGIR6AFL
3,57.84041213,38.81939791,0,0,0,Higher,Education,Nigeria,2013,NGIR6AFL
1,39.26499612,38.81939791,0,0,0,Age 15-19,Age,Nigeria,2013,NGIR6AFL
2,44.42162708,38.81939791,0,0,0,Age 20-24,Age,Nigeria,2013,NGIR6AFL
3,37.81140642,38.81939791,0,0,0,Age 25-29,Age,Nigeria,2013,NGIR6AFL
4,37.75911636,38.81939791,0,0,0,Age 30-34,Age,Nigeria,2013,NGIR6AFL
5,36.51024106,38.81939791,0,0,0,Age 35-39,Age,Nigeria,2013,NGIR6AFL
6,38.26029912,38.81939791,0,0,0,Age 40-44,Age,Nigeria,2013,NGIR6AFL
7,35.71591303,38.81939791,0,0,0,Age 45-49,Age,Nigeria,2013,NGIR6AFL
0,65.37925269,38.81939791,0,0,0,Parity 0,Parity,Nigeria,2013,NGIR6AFL
1,32.08431171,38.81939791,1,0,0,Parity 1,Parity,Nigeria,2013,NGIR6AFL
2,33.7029466,38.81939791,1,0,0,Parity 2,Parity,Nigeria,2013,NGIR6AFL
3,35.89870244,38.81939791,0,0,0,Parity 3,Parity,Nigeria,2013,NGIR6AFL
4,36.83996567,38.81939791,0,0,0,Parity 4,Parity,Nigeria,2013,NGIR6AFL
5,37.51801023,38.81939791,0,0,0,Parity 5,Parity,Nigeria,2013,NGIR6AFL
6,27.35108109,38.81939791,1,1,0,Parity 6+,Parity,Nigeria,2013,NGIR6AFL
1,38.73420639,35.65687104,0,0,0,North Central,Geography,Nigeria,2018,NGIR7AFL
2,28.63011051,35.65687104,1,0,0,North East,Geography,Nigeria,2018,NGIR7AFL
3,30.47191581,35.65687104,1,0,0,North West,Geography,Nigeria,2018,NGIR7AFL
4,31.4830894,35.65687104,1,0,0,South East,Geography,Nigeria,2018,NGIR7AFL
5,37.92591133,35.65687104,0,0,0,South South,Geography,Nigeria,2018,NGIR7AFL
6,41.75546235,35.65687104,0,0,0,South West,Geography,Nigeria,2018,NGIR7AFL
1,18.70209136,35.65687104,1,1,1,Poorest,Wealth,Nigeria,2018,NGIR7AFL
2,26.76932954,35.65687104,1,1,0,Poorer,Wealth,Nigeria,2018,NGIR7AFL
3,33.52889698,35.65687104,0,0,0,Middle,Wealth,Nigeria,2018,NGIR7AFL
4,39.72132575,35.65687104,0,0,0,Richer,Wealth,Nigeria,2018,NGIR7AFL
5,44.14110329,35.65687104,0,0,0,Richest,Wealth,Nigeria,2018,NGIR7AFL
0,19.89639631,35.65687104,1,1,1,None,Education,Nigeria,2018,NGIR7AFL
1,35.54207472,35.65687104,0,0,0,Primary,Education,Nigeria,2018,NGIR7AFL
2,40.40437895,35.65687104,0,0,0,Secondary,Education,Nigeria,2018,NGIR7AFL
3,46.64468952,35.65687104,0,0,0,Higher,Education,Nigeria,2018,NGIR7AFL
1,27.47983686,35.65687104,1,1,0,Age 15-19,Age,Nigeria,2018,NGIR7AFL
2,34.63841087,35.65687104,0,0,0,Age 20-24,Age,Nigeria,2018,NGIR7AFL
3,39.02454212,35.65687104,0,0,0,Age 25-29,Age,Nigeria,2018,NGIR7AFL
4,35.93741937,35.65687104,0,0,0,Age 30-34,Age,Nigeria,2018,NGIR7AFL
5,36.79363906,35.65687104,0,0,0,Age 35-39,Age,Nigeria,2018,NGIR7AFL
6,35.0606621,35.65687104,0,0,0,Age 40-44,Age,Nigeria,2018,NGIR7AFL
7,32.63895205,35.65687104,0,0,0,Age 45-49,Age,Nigeria,2018,NGIR7AFL
0,42.22967754,35.65687104,0,0,0,Parity 0,Parity,Nigeria,2018,NGIR7AFL
1,34.09766892,35.65687104,0,0,0,Parity 1,Parity,Nigeria,2018,NGIR7AFL
2,37.54854412,35.65687104,0,0,0,Parity 2,Parity,Nigeria,2018,NGIR7AFL
3,38.55644652,35.65687104,0,0,0,Parity 3,Parity,Nigeria,2018,NGIR7AFL
4,40.41701481,35.65687104,0,0,0,Parity 4,Parity,Nigeria,2018,NGIR7AFL
5,37.32272333,35.65687104,0,0,0,Parity 5,Parity,Nigeria,2018,NGIR7AFL
6,27.41183584,35.65687104,1,1,0,Parity 6+,Parity,Nigeria,2018,NGIR7AFL
1,45.23683457,49.03227173,0,0,0,Eastern,Geography,Sierra Leone,2013,SLIR61FL
2,44.30254915,49.03227173,0,0,0,Northern,Geography,Sierra Leone,2013,SLIR61FL
3,48.20824867,49.03227173,0,0,0,Southern,Geography,Sierra Leone,2013,SLIR61FL
4,60.1023802,49.03227173,0,0,0,Western,Geography,Sierra Leone,2013,SLIR61FL
1,39.13481927,49.03227173,1,1,0,Poorest,Wealth,Sierra Leone,2013,SLIR61FL
2,36.78721351,49.03227173,1,1,0,Poorer,Wealth,Sierra Leone,2013,SLIR61FL
3,39.77291577,49.03227173,1,0,0,Middle,Wealth,Sierra Leone,2013,SLIR61FL
4,53.61278035,49.03227173,0,0,0,Richer,Wealth,Sierra Leone,2013,SLIR61FL
5,63.2155456,49.03227173,0,0,0,Richest,Wealth,Sierra Leone,2013,SLIR61FL
0,37.69101765,49.03227173,1,1,0,None,Education,Sierra Leone,2013,SLIR61FL
1,44.88988142,49.03227173,0,0,0,Primary,Education,Sierra Leone,2013,SLIR61FL
2,63.67464775,49.03227173,0,0,0,Secondary,Education,Sierra Leone,2013,SLIR61FL
3,80.02579587,49.03227173,0,0,0,Higher,Education,Sierra Leone,2013,SLIR61FL
1,54.37956545,49.03227173,0,0,0,Age 15-19,Age,Sierra Leone,2013,SLIR61FL
2,56.72670691,49.03227173,0,0,0,Age 20-24,Age,Sierra Leone,2013,SLIR61FL
3,46.30216708,49.03227173,0,0,0,Age 25-29,Age,Sierra Leone,2013,SLIR61FL
4,50.15632051,49.03227173,0,0,0,Age 30-34,Age,Sierra Leone,2013,SLIR61FL
5,42.16091484,49.03227173,1,0,0,Age 35-39,Age,Sierra Leone,2013,SLIR61FL
6,41.67237432,49.03227173,1,0,0,Age 40-44,Age,Sierra Leone,2013,SLIR61FL
7,36.95933523,49.03227173,1,1,0,Age 45-49,Age,Sierra Leone,2013,SLIR61FL
0,65.42050941,49.03227173,0,0,0,Parity 0,Parity,Sierra Leone,2013,SLIR61FL
1,54.15826334,49.03227173,0,0,0,Parity 1,Parity,Sierra Leone,2013,SLIR61FL
2,47.84115058,49.03227173,0,0,0,Parity 2,Parity,Sierra Leone,2013,SLIR61FL
3,43.86378423,49.03227173,1,0,0,Parity 3,Parity,Sierra Leone,2013,SLIR61FL
4,44.1601823,49.03227173,0,0,0,Parity 4,Parity,Sierra Leone,2013,SLIR61FL
5,39.00918835,49.03227173,1,1,0,Parity 5,Parity,Sierra Leone,2013,SLIR61FL
6,37.2530457,49.03227173,1,1,0,Parity 6+,Parity,Sierra Leone,2013,SLIR61FL
1,56.93802165,53.13247032,0,0,0,Eastern,Geography,Sierra Leone,2019,SLIR7AFL
2,53.63114031,53.13247032,0,0,0,Northern,Geography,Sierra Leone,2019,SLIR7AFL
3,45.7623047,53.13247032,1,0,0,North Western,Geography,Sierra Leone,2019,SLIR7AFL
4,55.02223832,53.13247032,0,0,0,Southern,Geography,Sierra Leone,2019,SLIR7AFL
5,53.00775522,53.13247032,0,0,0,Western,Geography,Sierra Leone,2019,SLIR7AFL
1,46.23429338,53.13247032,1,0,0,Poorest,Wealth,Sierra Leone,2019,SLIR7AFL
2,46.7129633,53.13247032,1,0,0,Poorer,Wealth,Sierra Leone,2019,SLIR7AFL
3,53.93745819,53.13247032,0,0,0,Middle,Wealth,Sierra Leone,2019,SLIR7AFL
4,59.49661884,53.13247032,0,0,0,Richer,Wealth,Sierra Leone,2019,SLIR7AFL
5,55.20662592,53.13247032,0,0,0,Richest,Wealth,Sierra Leone,2019,SLIR7AFL
0,42.80924871,53.13247032,1,0,0,None,Education,Sierra Leone,2019,SLIR7AFL
1,50.63073309,53.13247032,0,0,0,Primary,Education,Sierra Leone,2019,SLIR7AFL
2,63.02283762,53.13247032,0,0,0,Secondary,Education,Sierra Leone,2019,SLIR7AFL
3,62.4614841,53.13247032,0,0,0,Higher,Education,Sierra Leone,2019,SLIR7AFL
1,59.70438971,53.13247032,0,0,0,Age 15-19,Age,Sierra Leone,2019,SLIR7AFL
2,56.05856629,53.13247032,0,0,0,Age 20-24,Age,Sierra Leone,2019,SLIR7AFL
3,54.9227479,53.13247032,0,0,0,Age 25-29,Age,Sierra Leone,2019,SLIR7AFL
4,52.15467738,53.13247032,0,0,0,Age 30-34,Age,Sierra Leone,2019,SLIR7AFL
5,49.59224464,53.13247032,0,0,0,Age 35-39,Age,Sierra Leone,2019,SLIR7AFL
6,43.30714339,53.13247032,1,0,0,Age 40-44,Age,Sierra Leone,2019,SLIR7AFL
7,37.22984189,53.13247032,1,1,0,Age 45-49,Age,Sierra Leone,2019,SLIR7AFL
0,64.82723269,53.13247032,0,0,0,Parity 0,Parity,Sierra Leone,2019,SLIR7AFL
1,54.43310902,53.13247032,0,0,0,Parity 1,Parity,Sierra Leone,2019,SLIR7AFL
2,56.58646252,53.13247032,0,0,0,Parity 2,Parity,Sierra Leone,2019,SLIR7AFL
3,48.79561109,53.13247032,0,0,0,Parity 3,Parity,Sierra Leone,2019,SLIR7AFL
4,47.25513979,53.13247032,1,0,0,Parity 4,Parity,Sierra Leone,2019,SLIR7AFL
5,47.34055305,53.13247032,1,0,0,Parity 5,Parity,Sierra Leone,2019,SLIR7AFL
6,42.22314397,53.13247032,1,1,0,Parity 6+,Parity,Sierra Leone,2019,SLIR7AFL
1,65.24046327,55.08978716,0,0,0,Dodoma,Geography,Tanzania,2015,TZIR7BFL
2,55.13918862,55.08978716,0,0,0,Arusha,Geography,Tanzania,2015,TZIR7BFL
3,67.32139163,55.08978716,0,0,0,Kilimanjaro,Geography,Tanzania,2015,TZIR7BFL
4,54.30764148,55.08978716,0,0,0,Tanga,Geography,Tanzania,2015,TZIR7BFL
5,63.83779038,55.08978716,0,0,0,Morogoro,Geography,Tanzania,2015,TZIR7BFL
6,62.92428604,55.08978716,0,0,0,Pwani,Geography,Tanzania,2015,TZIR7BFL
7,51.66264623,55.08978716,0,0,0,Dar Es Salaam,Geography,Tanzania,2015,TZIR7BFL
8,79.22848774,55.08978716,0,0,0,Lindi,Geography,Tanzania,2015,TZIR7BFL
9,81.12044371,55.08978716,0,0,0,Mtwara,Geography,Tanzania,2015,TZIR7BFL
10,71.21578158,55.08978716,0,0,0,Ruvuma,Geography,Tanzania,2015,TZIR7BFL
11,51.35895814,55.08978716,0,0,0,Iringa,Geography,Tanzania,2015,TZIR7BFL
12,66.75264852,55.08978716,0,0,0,Mbeya,Geography,Tanzania,2015,TZIR7BFL
13,61.84066223,55.08978716,0,0,0,Singida,Geography,Tanzania,2015,TZIR7BFL
14,49.95271221,55.08978716,0,0,0,Tabora,Geography,Tanzania,2015,TZIR7BFL
15,55.10451956,55.08978716,0,0,0,Rukwa,Geography,Tanzania,2015,TZIR7BFL
16,35.76037832,55.08978716,1,1,1,Kigoma,Geography,Tanzania,2015,TZIR7BFL
17,49.17688655,55.08978716,1,0,0,Shinyanga,Geography,Tanzania,2015,TZIR7BFL
18,60.25891375,55.08978716,0,0,0,Kagera,Geography,Tanzania,2015,TZIR7BFL
19,38.31680017,55.08978716,1,1,1,Mwanza,Geography,Tanzania,2015,TZIR7BFL
20,45.97704587,55.08978716,1,0,0,Mara,Geography,Tanzania,2015,TZIR7BFL
21,48.53010113,55.08978716,1,0,0,Manyara,Geography,Tanzania,2015,TZIR7BFL
22,59.67980905,55.08978716,0,0,0,Njombe,Geography,Tanzania,2015,TZIR7BFL
23,38.50022413,55.08978716,1,1,1,Katavi,Geography,Tanzania,2015,TZIR7BFL
24,39.73833347,55.08978716,1,1,0,Simiyu,Geography,Tanzania,2015,TZIR7BFL
25,26.23863035,55.08978716,1,1,1,Geita,Geography,Tanzania,2015,TZIR7BFL
51,26.57751557,55.08978716,1,1,1,Kaskazini Unguja,Geography,Tanzania,2015,TZIR7BFL
52,49.30371062,55.08978716,1,0,0,Kusini Unguja,Geography,Tanzania,2015,TZIR7BFL
53,28.97557697,55.08978716,1,1,1,Mjini Magharibi,Geography,Tanzania,2015,TZIR7BFL
54,21.68668042,55.08978716,1,1,1,Kaskazini Pemba,Geography,Tanzania,2015,TZIR7BFL
55,19.36074922,55.08978716,1,1,1,Kusini Pemba,Geography,Tanzania,2015,TZIR7BFL
1,41.90473021,55.08978716,1,1,0,Poorest,Wealth,Tanzania,2015,TZIR7BFL
2,50.44839856,55.08978716,0,0,0,Poorer,Wealth,Tanzania,2015,TZIR7BFL
3,59.44124138,55.08978716,0,0,0,Middle,Wealth,Tanzania,2015,TZIR7BFL
4,62.54418184,55.08978716,0,0,0,Richer,Wealth,Tanzania,2015,TZIR7BFL
5,56.58598587,55.08978716,0,0,0,Richest,Wealth,Tanzania,2015,TZIR7BFL
0,47.33789473,55.08978716,1,0,0,None,Education,Tanzania,2015,TZIR7BFL
1,57.50096102,55.08978716,0,0,0,Primary,Education,Tanzania,2015,TZIR7BFL
2,53.47093762,55.08978716,0,0,0,Secondary,Education,Tanzania,2015,TZIR7BFL
3,46.95198377,55.08978716,1,0,0,Higher,Education,Tanzania,2015,TZIR7BFL
1,40.62423432,55.08978716,1,1,0,Age 15-19,Age,Tanzania,2015,TZIR7BFL
2,55.04529789,55.08978716,0,0,0,Age 20-24,Age,Tanzania,2015,TZIR7BFL
3,57.18280515,55.08978716,0,0,0,Age 25-29,Age,Tanzania,2015,TZIR7BFL
4,58.2062293,55.08978716,0,0,0,Age 30-34,Age,Tanzania,2015,TZIR7BFL
5,58.45543611,55.08978716,0,0,0,Age 35-39,Age,Tanzania,2015,TZIR7BFL
6,52.58488671,55.08978716,0,0,0,Age 40-44,Age,Tanzania,2015,TZIR7BFL
7,58.44172998,55.08978716,0,0,0,Age 45-49,Age,Tanzania,2015,TZIR7BFL
0,45.81527718,55.08978716,1,0,0,Parity 0,Parity,Tanzania,2015,TZIR7BFL
1,55.71805649,55.08978716,0,0,0,Parity 1,Parity,Tanzania,2015,TZIR7BFL
2,58.54730531,55.08978716,0,0,0,Parity 2,Parity,Tanzania,2015,TZIR7BFL
3,59.44873007,55.08978716,0,0,0,Parity 3,Parity,Tanzania,2015,TZIR7BFL
4,59.64272997,55.08978716,0,0,0,Parity 4,Parity,Tanzania,2015,TZIR7BFL
5,59.13256907,55.08978716,0,0,0,Parity 5,Parity,Tanzania,2015,TZIR7BFL
6,47.90456242,55.08978716,1,0,0,Parity 6+,Parity,Tanzania,2015,TZIR7BFL
1,42.27954006,37.35632661,0,0,0,Lome,Geography,Togo,2013,TGIR61FL
2,30.54178653,37.35632661,1,0,0,Maritime,Geography,Togo,2013,TGIR61FL
3,32.45968652,37.35632661,1,0,0,Plateaux,Geography,Togo,2013,TGIR61FL
4,49.66552228,37.35632661,0,0,0,Centrale,Geography,Togo,2013,TGIR61FL
5,45.71547432,37.35632661,0,0,0,Kara,Geography,Togo,2013,TGIR61FL
6,22.28436022,37.35632661,1,1,1,Savanes,Geography,Togo,2013,TGIR61FL
1,30.74489761,37.35632661,1,0,0,Poorest,Wealth,Togo,2013,TGIR61FL
2,33.99644735,37.35632661,0,0,0,Poorer,Wealth,Togo,2013,TGIR61FL
3,33.48429496,37.35632661,1,0,0,Middle,Wealth,Togo,2013,TGIR61FL
4,38.53624888,37.35632661,0,0,0,Richer,Wealth,Togo,2013,TGIR61FL
5,45.78328068,37.35632661,0,0,0,Richest,Wealth,Togo,2013,TGIR61FL
0,27.002353,37.35632661,1,1,0,None,Education,Togo,2013,TGIR61FL
1,36.37675198,37.35632661,0,0,0,Primary,Education,Togo,2013,TGIR61FL
2,45.13315652,37.35632661,0,0,0,Secondary,Education,Togo,2013,TGIR61FL
3,67.25956169,37.35632661,0,0,0,Higher,Education,Togo,2013,TGIR61FL
1,41.48516419,37.35632661,0,0,0,Age 15-19,Age,Togo,2013,TGIR61FL
2,40.05753581,37.35632661,0,0,0,Age 20-24,Age,Togo,2013,TGIR61FL
3,37.6468936,37.35632661,0,0,0,Age 25-29,Age,Togo,2013,TGIR61FL
4,36.1915375,37.35632661,0,0,0,Age 30-34,Age,Togo,2013,TGIR61FL
5,32.7451047,37.35632661,1,0,0,Age 35-39,Age,Togo,2013,TGIR61FL
6,36.61438687,37.35632661,0,0,0,Age 40-44,Age,Togo,2013,TGIR61FL
7,37.54742306,37.35632661,0,0,0,Age 45-49,Age,Togo,2013,TGIR61FL
0,55.72974812,37.35632661,0,0,0,Parity 0,Parity,Togo,2013,TGIR61FL
1,33.71846361,37.35632661,0,0,0,Parity 1,Parity,Togo,2013,TGIR61FL
2,32.06048859,37.35632661,1,0,0,Parity 2,Parity,Togo,2013,TGIR61FL
3,35.37320471,37.35632661,0,0,0,Parity 3,Parity,Togo,2013,TGIR61FL
4,35.12375869,37.35632661,0,0,0,Parity 4,Parity,Togo,2013,TGIR61FL
5,32.75548905,37.35632661,1,0,0,Parity 5,Parity,Togo,2013,TGIR61FL
6,33.95853238,37.35632661,0,0,0,Parity 6+,Parity,Togo,2013,TGIR61FL
0,61.99323117,53.82970178,0,0,0,Kampala,Geography,Uganda,2016,UGIR7BFL
1,62.56318446,53.82970178,0,0,0,South Buganda,Geography,Uganda,2016,UGIR7BFL
2,60.25065536,53.82970178,0,0,0,North Buganda,Geography,Uganda,2016,UGIR7BFL
3,46.55024743,53.82970178,1,0,0,Busoga,Geography,Uganda,2016,UGIR7BFL
4,50.26721747,53.82970178,0,0,0,Bukedi,Geography,Uganda,2016,UGIR7BFL
5,61.30925003,53.82970178,0,0,0,Bugisu,Geography,Uganda,2016,UGIR7BFL
6,44.93018027,53.82970178,1,0,0,Teso,Geography,Uganda,2016,UGIR7BFL
7,26.57299954,53.82970178,1,1,1,Karamoja,Geography,Uganda,2016,UGIR7BFL
8,56.40981708,53.82970178,0,0,0,Lango,Geography,Uganda,2016,UGIR7BFL
9,46.46268375,53.82970178,1,0,0,Acholi,Geography,Uganda,2016,UGIR7BFL
10,31.67091373,53.82970178,1,1,1,West Nile,Geography,Uganda,2016,UGIR7BFL
11,52.10631958,53.82970178,0,0,0,Bunyoro,Geography,Uganda,2016,UGIR7BFL
12,55.54118362,53.82970178,0,0,0,Tooro,Geography,Uganda,2016,UGIR7BFL
13,55.33487754,53.82970178,0,0,0,Ankole,Geography,Uganda,2016,UGIR7BFL
14,65.35053383,53.82970178,0,0,0,Kigezi,Geography,Uganda,2016,UGIR7BFL
1,38.45247872,53.82970178,1,1,0,Poorest,Wealth,Uganda,2016,UGIR7BFL
2,49.43995796,53.82970178,0,0,0,Poorer,Wealth,Uganda,2016,UGIR7BFL
3,53.5167499,53.82970178,0,0,0,Middle,Wealth,Uganda,2016,UGIR7BFL
4,59.94880535,53.82970178,0,0,0,Richer,Wealth,Uganda,2016,UGIR7BFL
5,62.98205926,53.82970178,0,0,0,Richest,Wealth,Uganda,2016,UGIR7BFL
0,41.48598215,53.82970178,1,1,0,None,Education,Uganda,2016,UGIR7BFL
1,51.42053923,53.82970178,0,0,0,Primary,Education,Uganda,2016,UGIR7BFL
2,61.63524447,53.82970178,0,0,0,Secondary,Education,Uganda,2016,UGIR7BFL
3,62.48764217,53.82970178,0,0,0,Higher,Education,Uganda,2016,UGIR7BFL
1,44.14621821,53.82970178,1,0,0,Age 15-19,Age,Uganda,2016,UGIR7BFL
2,52.92148094,53.82970178,0,0,0,Age 20-24,Age,Uganda,2016,UGIR7BFL
3,58.1865524,53.82970178,0,0,0,Age 25-29,Age,Uganda,2016,UGIR7BFL
4,55.00377868,53.82970178,0,0,0,Age 30-34,Age,Uganda,2016,UGIR7BFL
5,55.42121846,53.82970178,0,0,0,Age 35-39,Age,Uganda,2016,UGIR7BFL
6,55.07672242,53.82970178,0,0,0,Age 40-44,Age,Uganda,2016,UGIR7BFL
7,47.21949062,53.82970178,1,0,0,Age 45-49,Age,Uganda,2016,UGIR7BFL
0,49.96436693,53.82970178,0,0,0,Parity 0,Parity,Uganda,2016,UGIR7BFL
1,52.94469173,53.82970178,0,0,0,Parity 1,Parity,Uganda,2016,UGIR7BFL
2,58.14949067,53.82970178,0,0,0,Parity 2,Parity,Uganda,2016,UGIR7BFL
3,56.33787034,53.82970178,0,0,0,Parity 3,Parity,Uganda,2016,UGIR7BFL
4,59.66624227,53.82970178,0,0,0,Parity 4,Parity,Uganda,2016,UGIR7BFL
5,52.95228192,53.82970178,0,0,0,Parity 5,Parity,Uganda,2016,UGIR7BFL
6,49.59507105,53.82970178,0,0,0,Parity 6+,Parity,Uganda,2016,UGIR7BFL
1,58.5373934,62.5553499,0,0,0,Central,Geography,Zambia,2013,ZMIR61FL
2,68.52394886,62.5553499,0,0,0,Copperbelt,Geography,Zambia,2013,ZMIR61FL
3,67.44407128,62.5553499,0,0,0,Eastern,Geography,Zambia,2013,ZMIR61FL
4,52.02504737,62.5553499,1,0,0,Luapula,Geography,Zambia,2013,ZMIR61FL
5,72.01042633,62.5553499,0,0,0,Lusaka,Geography,Zambia,2013,ZMIR61FL
6,49.383612,62.5553499,1,1,0,Muchinga,Geography,Zambia,2013,ZMIR61FL
7,44.5498088,62.5553499,1,1,0,Northern,Geography,Zambia,2013,ZMIR61FL
8,55.74092806,62.5553499,1,0,0,North Western,Geography,Zambia,2013,ZMIR61FL
9,64.50308746,62.5553499,0,0,0,Southern,Geography,Zambia,2013,ZMIR61FL
10,57.92344552,62.5553499,0,0,0,Western,Geography,Zambia,2013,ZMIR61FL
1,48.81221963,62.5553499,1,1,0,Poorest,Wealth,Zambia,2013,ZMIR61FL
2,55.60850393,62.5553499,1,0,0,Poorer,Wealth,Zambia,2013,ZMIR61FL
3,61.72511897,62.5553499,0,0,0,Middle,Wealth,Zambia,2013,ZMIR61FL
4,66.96772293,62.5553499,0,0,0,Richer,Wealth,Zambia,2013,ZMIR61FL
5,76.19388749,62.5553499,0,0,0,Richest,Wealth,Zambia,2013,ZMIR61FL
0,52.89964245,62.5553499,1,0,0,None,Education,Zambia,2013,ZMIR61FL
1,59.04131212,62.5553499,0,0,0,Primary,Education,Zambia,2013,ZMIR61FL
2,67.90691862,62.5553499,0,0,0,Secondary,Education,Zambia,2013,ZMIR61FL
3,78.60864515,62.5553499,0,0,0,Higher,Education,Zambia,2013,ZMIR61FL
1,43.17024235,62.5553499,1,1,1,Age 15-19,Age,Zambia,2013,ZMIR61FL
2,63.26683245,62.5553499,0,0,0,Age 20-24,Age,Zambia,2013,ZMIR61FL
3,68.23432417,62.5553499,0,0,0,Age 25-29,Age,Zambia,2013,ZMIR61FL
4,66.88344982,62.5553499,0,0,0,Age 30-34,Age,Zambia,2013,ZMIR61FL
5,63.61033684,62.5553499,0,0,0,Age 35-39,Age,Zambia,2013,ZMIR61FL
6,60.92242476,62.5553499,0,0,0,Age 40-44,Age,Zambia,2013,ZMIR61FL
7,58.12897172,62.5553499,0,0,0,Age 45-49,Age,Zambia,2013,ZMIR61FL
0,31.42798418,62.5553499,1,1,1,Parity 0,Parity,Zambia,2013,ZMIR61FL
1,63.67826063,62.5553499,0,0,0,Parity 1,Parity,Zambia,2013,ZMIR61FL
2,69.17008644,62.5553499,0,0,0,Parity 2,Parity,Zambia,2013,ZMIR61FL
3,72.02316434,62.5553499,0,0,0,Parity 3,Parity,Zambia,2013,ZMIR61FL
4,63.85372368,62.5553499,0,0,0,Parity 4,Parity,Zambia,2013,ZMIR61FL
5,66.3418122,62.5553499,0,0,0,Parity 5,Parity,Zambia,2013,ZMIR61FL
6,56.76438589,62.5553499,0,0,0,Parity 6+,Parity,Zambia,2013,ZMIR61FL
1,69.16182504,66.24890463,0,0,0,Central,Geography,Zambia,2018,ZMIR71FL
2,69.51736592,66.24890463,0,0,0,Copperbelt,Geography,Zambia,2018,ZMIR71FL
3,69.75603272,66.24890463,0,0,0,Eastern,Geography,Zambia,2018,ZMIR71FL
4,56.24011332,66.24890463,1,0,0,Luapula,Geography,Zambia,2018,ZMIR71FL
5,73.80410777,66.24890463,0,0,0,Lusaka,Geography,Zambia,2018,ZMIR71FL
6,68.63332007,66.24890463,0,0,0,Muchinga,Geography,Zambia,2018,ZMIR71FL
7,56.32404059,66.24890463,1,0,0,Northern,Geography,Zambia,2018,ZMIR71FL
8,65.20128799,66.24890463,0,0,0,North Western,Geography,Zambia,2018,ZMIR71FL
9,60.50430562,66.24890463,0,0,0,Southern,Geography,Zambia,2018,ZMIR71FL
10,55.67270724,66.24890463,1,0,0,Western,Geography,Zambia,2018,ZMIR71FL
1,59.58826073,66.24890463,1,0,0,Poorest,Wealth,Zambia,2018,ZMIR71FL
2,60.34928994,66.24890463,0,0,0,Poorer,Wealth,Zambia,2018,ZMIR71FL
3,66.92312674,66.24890463,0,0,0,Middle,Wealth,Zambia,2018,ZMIR71FL
4,72.10850716,66.24890463,0,0,0,Richer,Wealth,Zambia,2018,ZMIR71FL
5,70.51962308,66.24890463,0,0,0,Richest,Wealth,Zambia,2018,ZMIR71FL
0,57.63091276,66.24890463,1,0,0,None,Education,Zambia,2018,ZMIR71FL
1,63.80922815,66.24890463,0,0,0,Primary,Education,Zambia,2018,ZMIR71FL
2,70.25985612,66.24890463,0,0,0,Secondary,Education,Zambia,2018,ZMIR71FL
3,72.19985714,66.24890463,0,0,0,Higher,Education,Zambia,2018,ZMIR71FL
1,47.98337645,66.24890463,1,1,0,Age 15-19,Age,Zambia,2018,ZMIR71FL
2,67.14787521,66.24890463,0,0,0,Age 20-24,Age,Zambia,2018,ZMIR71FL
3,73.28512741,66.24890463,0,0,0,Age 25-29,Age,Zambia,2018,ZMIR71FL
4,71.56164858,66.24890463,0,0,0,Age 30-34,Age,Zambia,2018,ZMIR71FL
5,66.89761874,66.24890463,0,0,0,Age 35-39,Age,Zambia,2018,ZMIR71FL
6,61.56052031,66.24890463,0,0,0,Age 40-44,Age,Zambia,2018,ZMIR71FL
7,63.23214631,66.24890463,0,0,0,Age 45-49,Age,Zambia,2018,ZMIR71FL
0,36.22141984,66.24890463,1,1,1,Parity 0,Parity,Zambia,2018,ZMIR71FL
1,65.66825542,66.24890463,0,0,0,Parity 1,Parity,Zambia,2018,ZMIR71FL
2,73.82610634,66.24890463,0,0,0,Parity 2,Parity,Zambia,2018,ZMIR71FL
3,73.17416879,66.24890463,0,0,0,Parity 3,Parity,Zambia,2018,ZMIR71FL
4,70.36107218,66.24890463,0,0,0,Parity 4,Parity,Zambia,2018,ZMIR71FL
5,69.96684313,66.24890463,0,0,0,Parity 5,Parity,Zambia,2018,ZMIR71FL
6,60.86408773,66.24890463,0,0,0,Parity 6+,Parity,Zambia,2018,ZMIR71FL
1,74.76550019,77.58705657,0,0,0,Manicaland,Geography,Zimbabwe,2010,ZWIR62FL
2,79.88308943,77.58705657,0,0,0,Mashonaland Central,Geography,Zimbabwe,2010,ZWIR62FL
3,81.56566291,77.58705657,0,0,0,Mashonaland East,Geography,Zimbabwe,2010,ZWIR62FL
4,80.33080037,77.58705657,0,0,0,Mashonaland West,Geography,Zimbabwe,2010,ZWIR62FL
5,78.14722289,77.58705657,0,0,0,Matabeleland North,Geography,Zimbabwe,2010,ZWIR62FL
6,65.35715825,77.58705657,1,0,0,Matabeleland South,Geography,Zimbabwe,2010,ZWIR62FL
7,76.48087169,77.58705657,0,0,0,Midlands,Geography,Zimbabwe,2010,ZWIR62FL
8,78.94151331,77.58705657,0,0,0,Masvingo,Geography,Zimbabwe,2010,ZWIR62FL
9,78.18108838,77.58705657,0,0,0,Harare,Geography,Zimbabwe,2010,ZWIR62FL
10,76.18261118,77.58705657,0,0,0,Bulawayo,Geography,Zimbabwe,2010,ZWIR62FL
1,72.11441887,77.58705657,0,0,0,Poorest,Wealth,Zimbabwe,2010,ZWIR62FL
2,71.8659673,77.58705657,0,0,0,Poorer,Wealth,Zimbabwe,2010,ZWIR62FL
3,78.69625879,77.58705657,0,0,0,Middle,Wealth,Zimbabwe,2010,ZWIR62FL
4,80.64270281,77.58705657,0,0,0,Richer,Wealth,Zimbabwe,2010,ZWIR62FL
5,82.97396313,77.58705657,0,0,0,Richest,Wealth,Zimbabwe,2010,ZWIR62FL
0,71.45385248,77.58705657,0,0,0,None,Education,Zimbabwe,2010,ZWIR62FL
1,73.81703354,77.58705657,0,0,0,Primary,Education,Zimbabwe,2010,ZWIR62FL
2,79.11102989,77.58705657,0,0,0,Secondary,Education,Zimbabwe,2010,ZWIR62FL
3,85.05439631,77.58705657,0,0,0,Higher,Education,Zimbabwe,2010,ZWIR62FL
1,59.60850488,77.58705657,1,1,0,Age 15-19,Age,Zimbabwe,2010,ZWIR62FL
2,77.87793862,77.58705657,0,0,0,Age 20-24,Age,Zimbabwe,2010,ZWIR62FL
3,80.34887023,77.58705657,0,0,0,Age 25-29,Age,Zimbabwe,2010,ZWIR62FL
4,82.15997345,77.58705657,0,0,0,Age 30-34,Age,Zimbabwe,2010,ZWIR62FL
5,77.73448786,77.58705657,0,0,0,Age 35-39,Age,Zimbabwe,2010,ZWIR62FL
6,76.93465027,77.58705657,0,0,0,Age 40-44,Age,Zimbabwe,2010,ZWIR62FL
7,72.46477294,77.58705657,0,0,0,Age 45-49,Age,Zimbabwe,2010,ZWIR62FL
0,46.54960736,77.58705657,1,1,1,Parity 0,Parity,Zimbabwe,2010,ZWIR62FL
1,75.78331323,77.58705657,0,0,0,Parity 1,Parity,Zimbabwe,2010,ZWIR62FL
2,83.28472049,77.58705657,0,0,0,Parity 2,Parity,Zimbabwe,2010,ZWIR62FL
3,82.37049278,77.58705657,0,0,0,Parity 3,Parity,Zimbabwe,2010,ZWIR62FL
4,79.08636701,77.58705657,0,0,0,Parity 4,Parity,Zimbabwe,2010,ZWIR62FL
5,73.79889759,77.58705657,0,0,0,Parity 5,Parity,Zimbabwe,2010,ZWIR62FL
6,67.97125147,77.58705657,1,0,0,Parity 6+,Parity,Zimbabwe,2010,ZWIR62FL
1,81.26535896,84.76948046,0,0,0,Manicaland,Geography,Zimbabwe,2015,ZWIR71FL
2,87.06525046,84.76948046,0,0,0,Mashonaland Central,Geography,Zimbabwe,2015,ZWIR71FL
3,87.17919489,84.76948046,0,0,0,Mashonaland East,Geography,Zimbabwe,2015,ZWIR71FL
4,89.46968554,84.76948046,0,0,0,Mashonaland West,Geography,Zimbabwe,2015,ZWIR71FL
5,83.09338129,84.76948046,0,0,0,Matabeleland North,Geography,Zimbabwe,2015,ZWIR71FL
6,77.22222092,84.76948046,0,0,0,Matabeleland South,Geography,Zimbabwe,2015,ZWIR71FL
7,84.62506978,84.76948046,0,0,0,Midlands,Geography,Zimbabwe,2015,ZWIR71FL
8,79.57410542,84.76948046,0,0,0,Masvingo,Geography,Zimbabwe,2015,ZWIR71FL
9,86.68007396,84.76948046,0,0,0,Harare,Geography,Zimbabwe,2015,ZWIR71FL
10,85.75437532,84.76948046,0,0,0,Bulawayo,Geography,Zimbabwe,2015,ZWIR71FL
1,79.38181303,84.76948046,0,0,0,Poorest,Wealth,Zimbabwe,2015,ZWIR71FL
2,82.7075216,84.76948046,0,0,0,Poorer,Wealth,Zimbabwe,2015,ZWIR71FL
3,85.67760356,84.76948046,0,0,0,Middle,Wealth,Zimbabwe,2015,ZWIR71FL
4,85.41075687,84.76948046,0,0,0,Richer,Wealth,Zimbabwe,2015,ZWIR71FL
5,89.47636739,84.76948046,0,0,0,Richest,Wealth,Zimbabwe,2015,ZWIR71FL
0,68.82229833,84.76948046,1,0,0,None,Education,Zimbabwe,2015,ZWIR71FL
1,80.56051062,84.76948046,0,0,0,Primary,Education,Zimbabwe,2015,ZWIR71FL
2,86.09619286,84.76948046,0,0,0,Secondary,Education,Zimbabwe,2015,ZWIR71FL
3,92.3231188,84.76948046,0,0,0,Higher,Education,Zimbabwe,2015,ZWIR71FL
1,71.66206049,84.76948046,1,0,0,Age 15-19,Age,Zimbabwe,2015,ZWIR71FL
2,84.87526057,84.76948046,0,0,0,Age 20-24,Age,Zimbabwe,2015,ZWIR71FL
3,86.17895626,84.76948046,0,0,0,Age 25-29,Age,Zimbabwe,2015,ZWIR71FL
4,88.25407036,84.76948046,0,0,0,Age 30-34,Age,Zimbabwe,2015,ZWIR71FL
5,85.11738037,84.76948046,0,0,0,Age 35-39,Age,Zimbabwe,2015,ZWIR71FL
6,84.55747509,84.76948046,0,0,0,Age 40-44,Age,Zimbabwe,2015,ZWIR71FL
7,80.38799617,84.76948046,0,0,0,Age 45-49,Age,Zimbabwe,2015,ZWIR71FL
0,53.69024293,84.76948046,1,1,1,Parity 0,Parity,Zimbabwe,2015,ZWIR71FL
1,83.76883216,84.76948046,0,0,0,Parity 1,Parity,Zimbabwe,2015,ZWIR71FL
2,90.28665259,84.76948046,0,0,0,Parity 2,Parity,Zimbabwe,2015,ZWIR71FL
3,87.67159451,84.76948046,0,0,0,Parity 3,Parity,Zimbabwe,2015,ZWIR71FL
4,86.25999928,84.76948046,0,0,0,Parity 4,Parity,Zimbabwe,2015,ZWIR71FL
5,83.12372395,84.76948046,0,0,0,Parity 5,Parity,Zimbabwe,2015,ZWIR71FL
6,73.38877218,84.76948046,1,0,0,Parity 6+,Parity,Zimbabwe,2015,ZWIR71FL
